<?xml version="1.0" encoding="utf-8" ?>
<artifacts_collection>
<collection_info>
	<id>UC</id>
	<name>UC</name>
	<version>1.1</version>
	<description>Use cases</description>
	<content_location>external</content_location>
</collection_info>
<artifacts>
	<artifact><id>EA1</id><content>UC/EA1.txt</content><parent_id/></artifact>
	<artifact><id>EA10</id><content>UC/EA10.txt</content><parent_id/></artifact>
	<artifact><id>EA100</id><content>UC/EA100.txt</content><parent_id/></artifact>
	<artifact><id>EA101</id><content>UC/EA101.txt</content><parent_id/></artifact>
	<artifact><id>EA102</id><content>UC/EA102.txt</content><parent_id/></artifact>
	<artifact><id>EA103</id><content>UC/EA103.txt</content><parent_id/></artifact>
	<artifact><id>EA104</id><content>UC/EA104.txt</content><parent_id/></artifact>
	<artifact><id>EA105</id><content>UC/EA105.txt</content><parent_id/></artifact>
	<artifact><id>EA106</id><content>UC/EA106.txt</content><parent_id/></artifact>
	<artifact><id>EA107</id><content>UC/EA107.txt</content><parent_id/></artifact>
	<artifact><id>EA108</id><content>UC/EA108.txt</content><parent_id/></artifact>
	<artifact><id>EA109</id><content>UC/EA109.txt</content><parent_id/></artifact>
	<artifact><id>EA11</id><content>UC/EA11.txt</content><parent_id/></artifact>
	<artifact><id>EA110</id><content>UC/EA110.txt</content><parent_id/></artifact>
	<artifact><id>EA111</id><content>UC/EA111.txt</content><parent_id/></artifact>
	<artifact><id>EA112</id><content>UC/EA112.txt</content><parent_id/></artifact>
	<artifact><id>EA113</id><content>UC/EA113.txt</content><parent_id/></artifact>
	<artifact><id>EA114</id><content>UC/EA114.txt</content><parent_id/></artifact>
	<artifact><id>EA115</id><content>UC/EA115.txt</content><parent_id/></artifact>
	<artifact><id>EA116</id><content>UC/EA116.txt</content><parent_id/></artifact>
	<artifact><id>EA117</id><content>UC/EA117.txt</content><parent_id/></artifact>
	<artifact><id>EA118</id><content>UC/EA118.txt</content><parent_id/></artifact>
	<artifact><id>EA119</id><content>UC/EA119.txt</content><parent_id/></artifact>
	<artifact><id>EA12</id><content>UC/EA12.txt</content><parent_id/></artifact>
	<artifact><id>EA120</id><content>UC/EA120.txt</content><parent_id/></artifact>
	<artifact><id>EA121</id><content>UC/EA121.txt</content><parent_id/></artifact>
	<artifact><id>EA122</id><content>UC/EA122.txt</content><parent_id/></artifact>
	<artifact><id>EA123</id><content>UC/EA123.txt</content><parent_id/></artifact>
	<artifact><id>EA124</id><content>UC/EA124.txt</content><parent_id/></artifact>
	<artifact><id>EA125</id><content>UC/EA125.txt</content><parent_id/></artifact>
	<artifact><id>EA126</id><content>UC/EA126.txt</content><parent_id/></artifact>
	<artifact><id>EA127</id><content>UC/EA127.txt</content><parent_id/></artifact>
	<artifact><id>EA128</id><content>UC/EA128.txt</content><parent_id/></artifact>
	<artifact><id>EA129</id><content>UC/EA129.txt</content><parent_id/></artifact>
	<artifact><id>EA13</id><content>UC/EA13.txt</content><parent_id/></artifact>
	<artifact><id>EA130</id><content>UC/EA130.txt</content><parent_id/></artifact>
	<artifact><id>EA131</id><content>UC/EA131.txt</content><parent_id/></artifact>
	<artifact><id>EA132</id><content>UC/EA132.txt</content><parent_id/></artifact>
	<artifact><id>EA133</id><content>UC/EA133.txt</content><parent_id/></artifact>
	<artifact><id>EA134</id><content>UC/EA134.txt</content><parent_id/></artifact>
	<artifact><id>EA135</id><content>UC/EA135.txt</content><parent_id/></artifact>
	<artifact><id>EA136</id><content>UC/EA136.txt</content><parent_id/></artifact>
	<artifact><id>EA137</id><content>UC/EA137.txt</content><parent_id/></artifact>
	<artifact><id>EA138</id><content>UC/EA138.txt</content><parent_id/></artifact>
	<artifact><id>EA139</id><content>UC/EA139.txt</content><parent_id/></artifact>
	<artifact><id>EA14</id><content>UC/EA14.txt</content><parent_id/></artifact>
	<artifact><id>EA15</id><content>UC/EA15.txt</content><parent_id/></artifact>
	<artifact><id>EA16</id><content>UC/EA16.txt</content><parent_id/></artifact>
	<artifact><id>EA17</id><content>UC/EA17.txt</content><parent_id/></artifact>
	<artifact><id>EA18</id><content>UC/EA18.txt</content><parent_id/></artifact>
	<artifact><id>EA19</id><content>UC/EA19.txt</content><parent_id/></artifact>
	<artifact><id>EA2</id><content>UC/EA2.txt</content><parent_id/></artifact>
	<artifact><id>EA20</id><content>UC/EA20.txt</content><parent_id/></artifact>
	<artifact><id>EA21</id><content>UC/EA21.txt</content><parent_id/></artifact>
	<artifact><id>EA22</id><content>UC/EA22.txt</content><parent_id/></artifact>
	<artifact><id>EA23</id><content>UC/EA23.txt</content><parent_id/></artifact>
	<artifact><id>EA24</id><content>UC/EA24.txt</content><parent_id/></artifact>
	<artifact><id>EA25</id><content>UC/EA25.txt</content><parent_id/></artifact>
	<artifact><id>EA26</id><content>UC/EA26.txt</content><parent_id/></artifact>
	<artifact><id>EA27</id><content>UC/EA27.txt</content><parent_id/></artifact>
	<artifact><id>EA28</id><content>UC/EA28.txt</content><parent_id/></artifact>
	<artifact><id>EA29</id><content>UC/EA29.txt</content><parent_id/></artifact>
	<artifact><id>EA3</id><content>UC/EA3.txt</content><parent_id/></artifact>
	<artifact><id>EA30</id><content>UC/EA30.txt</content><parent_id/></artifact>
	<artifact><id>EA31</id><content>UC/EA31.txt</content><parent_id/></artifact>
	<artifact><id>EA32</id><content>UC/EA32.txt</content><parent_id/></artifact>
	<artifact><id>EA33</id><content>UC/EA33.txt</content><parent_id/></artifact>
	<artifact><id>EA34</id><content>UC/EA34.txt</content><parent_id/></artifact>
	<artifact><id>EA35</id><content>UC/EA35.txt</content><parent_id/></artifact>
	<artifact><id>EA36</id><content>UC/EA36.txt</content><parent_id/></artifact>
	<artifact><id>EA37</id><content>UC/EA37.txt</content><parent_id/></artifact>
	<artifact><id>EA38</id><content>UC/EA38.txt</content><parent_id/></artifact>
	<artifact><id>EA39</id><content>UC/EA39.txt</content><parent_id/></artifact>
	<artifact><id>EA4</id><content>UC/EA4.txt</content><parent_id/></artifact>
	<artifact><id>EA40</id><content>UC/EA40.txt</content><parent_id/></artifact>
	<artifact><id>EA41</id><content>UC/EA41.txt</content><parent_id/></artifact>
	<artifact><id>EA42</id><content>UC/EA42.txt</content><parent_id/></artifact>
	<artifact><id>EA43</id><content>UC/EA43.txt</content><parent_id/></artifact>
	<artifact><id>EA44</id><content>UC/EA44.txt</content><parent_id/></artifact>
	<artifact><id>EA45</id><content>UC/EA45.txt</content><parent_id/></artifact>
	<artifact><id>EA46</id><content>UC/EA46.txt</content><parent_id/></artifact>
	<artifact><id>EA47</id><content>UC/EA47.txt</content><parent_id/></artifact>
	<artifact><id>EA48</id><content>UC/EA48.txt</content><parent_id/></artifact>
	<artifact><id>EA49</id><content>UC/EA49.txt</content><parent_id/></artifact>
	<artifact><id>EA5</id><content>UC/EA5.txt</content><parent_id/></artifact>
	<artifact><id>EA50</id><content>UC/EA50.txt</content><parent_id/></artifact>
	<artifact><id>EA51</id><content>UC/EA51.txt</content><parent_id/></artifact>
	<artifact><id>EA52</id><content>UC/EA52.txt</content><parent_id/></artifact>
	<artifact><id>EA53</id><content>UC/EA53.txt</content><parent_id/></artifact>
	<artifact><id>EA54</id><content>UC/EA54.txt</content><parent_id/></artifact>
	<artifact><id>EA55</id><content>UC/EA55.txt</content><parent_id/></artifact>
	<artifact><id>EA56</id><content>UC/EA56.txt</content><parent_id/></artifact>
	<artifact><id>EA57</id><content>UC/EA57.txt</content><parent_id/></artifact>
	<artifact><id>EA58</id><content>UC/EA58.txt</content><parent_id/></artifact>
	<artifact><id>EA59</id><content>UC/EA59.txt</content><parent_id/></artifact>
	<artifact><id>EA6</id><content>UC/EA6.txt</content><parent_id/></artifact>
	<artifact><id>EA60</id><content>UC/EA60.txt</content><parent_id/></artifact>
	<artifact><id>EA61</id><content>UC/EA61.txt</content><parent_id/></artifact>
	<artifact><id>EA62</id><content>UC/EA62.txt</content><parent_id/></artifact>
	<artifact><id>EA63</id><content>UC/EA63.txt</content><parent_id/></artifact>
	<artifact><id>EA64</id><content>UC/EA64.txt</content><parent_id/></artifact>
	<artifact><id>EA65</id><content>UC/EA65.txt</content><parent_id/></artifact>
	<artifact><id>EA66</id><content>UC/EA66.txt</content><parent_id/></artifact>
	<artifact><id>EA67</id><content>UC/EA67.txt</content><parent_id/></artifact>
	<artifact><id>EA68</id><content>UC/EA68.txt</content><parent_id/></artifact>
	<artifact><id>EA69</id><content>UC/EA69.txt</content><parent_id/></artifact>
	<artifact><id>EA7</id><content>UC/EA7.txt</content><parent_id/></artifact>
	<artifact><id>EA70</id><content>UC/EA70.txt</content><parent_id/></artifact>
	<artifact><id>EA71</id><content>UC/EA71.txt</content><parent_id/></artifact>
	<artifact><id>EA72</id><content>UC/EA72.txt</content><parent_id/></artifact>
	<artifact><id>EA73</id><content>UC/EA73.txt</content><parent_id/></artifact>
	<artifact><id>EA74</id><content>UC/EA74.txt</content><parent_id/></artifact>
	<artifact><id>EA75</id><content>UC/EA75.txt</content><parent_id/></artifact>
	<artifact><id>EA76</id><content>UC/EA76.txt</content><parent_id/></artifact>
	<artifact><id>EA77</id><content>UC/EA77.txt</content><parent_id/></artifact>
	<artifact><id>EA78</id><content>UC/EA78.txt</content><parent_id/></artifact>
	<artifact><id>EA79</id><content>UC/EA79.txt</content><parent_id/></artifact>
	<artifact><id>EA8</id><content>UC/EA8.txt</content><parent_id/></artifact>
	<artifact><id>EA80</id><content>UC/EA80.txt</content><parent_id/></artifact>
	<artifact><id>EA81</id><content>UC/EA81.txt</content><parent_id/></artifact>
	<artifact><id>EA82</id><content>UC/EA82.txt</content><parent_id/></artifact>
	<artifact><id>EA83</id><content>UC/EA83.txt</content><parent_id/></artifact>
	<artifact><id>EA84</id><content>UC/EA84.txt</content><parent_id/></artifact>
	<artifact><id>EA85</id><content>UC/EA85.txt</content><parent_id/></artifact>
	<artifact><id>EA86</id><content>UC/EA86.txt</content><parent_id/></artifact>
	<artifact><id>EA87</id><content>UC/EA87.txt</content><parent_id/></artifact>
	<artifact><id>EA88</id><content>UC/EA88.txt</content><parent_id/></artifact>
	<artifact><id>EA89</id><content>UC/EA89.txt</content><parent_id/></artifact>
	<artifact><id>EA9</id><content>UC/EA9.txt</content><parent_id/></artifact>
	<artifact><id>EA90</id><content>UC/EA90.txt</content><parent_id/></artifact>
	<artifact><id>EA91</id><content>UC/EA91.txt</content><parent_id/></artifact>
	<artifact><id>EA92</id><content>UC/EA92.txt</content><parent_id/></artifact>
	<artifact><id>EA93</id><content>UC/EA93.txt</content><parent_id/></artifact>
	<artifact><id>EA94</id><content>UC/EA94.txt</content><parent_id/></artifact>
	<artifact><id>EA95</id><content>UC/EA95.txt</content><parent_id/></artifact>
	<artifact><id>EA96</id><content>UC/EA96.txt</content><parent_id/></artifact>
	<artifact><id>EA97</id><content>UC/EA97.txt</content><parent_id/></artifact>
	<artifact><id>EA98</id><content>UC/EA98.txt</content><parent_id/></artifact>
	<artifact><id>EA99</id><content>UC/EA99.txt</content><parent_id/></artifact>
	<artifact><id>EAnic-first</id><content>UC/EAnic-first.txt</content><parent_id/></artifact>
</artifacts>
</artifacts_collection>
