issue_id,commit_id
1198,223015a1facba4c2bfa1873235998cd845f0715e
1195,df1b40ca2220b0211e8a86805788c70f674a1f1f
1199,8f7e31450835bca5d9a8bb4de252efba6f4b7b10
1197,80bf05a3b3be8eb86cbc90dd5e9214a61ba2edb3
1196,41dd24e8da9a812cb41e022c33dbe9835361d7b6
1194,77414aa9e75f89cca9d248d4c0f3b9f1959007c8
1193,106c6c7bf889b0db5fe85eba31f3f7f6b52a0895
1186,0c24e8bda226f3dbd6ccb0381515a9c903847249
1187,4a98b37877050d0ff8cf475dc2fb8b3a93c7da89
1182,bd705bd5c472c15bd0de9f3bfb668abfd4db8202
1181,b994c757013a2cfc6cdb9407120e53d94e8906f0
1102,901ef31fd176a036d20696898fbbfc15bce4d3fb
1173,bcb0c8bce776a5eba9f5425c57c2ec8385f10e94
1171,64c0b3553d247db033b902a8eb557bc4e30bcdad
1170,936475258d501b7b1fed1c80080eabfae8179970
1155,f3ac5598448a0c2080ee267f00931ed556a6779d
1165,63b87ba3a8003fb6c605fd5f9570b32e5087bb60
1149,b6e2a229e5f122a9efa31666dee7965621eff031
892,93c14f844ee33e4d47ae07688f0e5ca7219df7de
1164,d9ea18d3a0f93c7990bc5e7df76daf3e608ae3d9
1163,2a28399c3f077209e5c8728fa6e7f4b13a06f990
1158,d444db412bf3d9e1f5920319c844fd484786226e
1157,e9874e2f96c27e24aafbc54436465abd8f152f8a
1152,0f3d4602efa2eda4cf5056d237cac36b2cc012ea
1154,bc7a5d01001df69f9f0c3dfeb94cca92768ab696
1153,fd775497547bb51e3d3b38590cbc83e54afd9508
1145,91263c37b94a1a3b45be13d35ff1ea19c7b8e1b7
1141,8fe316e5376738880c9cf4013f37ff357f428e19
1139,77a361966a6cbe73ba153710f10f32cc27d167f5
1123,2b55da84812f94bc98d3586244f02749326062d5
1135,a5f7d9196c45519aef761692698875ce9d8d4f8c
1122,901812a7bf1667117668e24211a99ab7b867b98d
1119,257d0f2786106c8061f5b1ca4cd130abebc6ab01
1129,31d0ea9d226f0c7b1b924a30d7bddc2b561459a4
1126,51d4d4a04c1bc50238accb49788039e43b9b84d5
1118,0f969aba0cbf9b1a93c679a442e74e13f00a1702
1112,f3dc23a94b57ccd7c1909dc32174b3bc8c501919
1116,199a0223e044ec3116879e67d2b924050e4afa78
1115,c908ef744f9e835e890cefa14308d3a2f0afa970
1114,f25e49555aa53c740baaf685e9ed4b34a0a5b6f2
1107,a713b5d08b0fae4e55066f5438522a173f79606b
1109,2bf01a77844532cce9686a45b227209f85646dde
1048,e9b18f9e84a5b26eb4a42633f6cee98597d70ad4
1031,629a931aedd290bcf69ddcb6ac1e0fd807b5a448
1031,6763433a687cc651d9ce5c97eeb81d83c4d34f71
1031,7f44748149be47cc42261ff73465a82eb7174eca
1048,a700f2b788fa8050abb23598db8282050fd18e24
1048,b401b16d9a4332b3af64a5ce12c8ce6727885917
1101,d5cdd2ad4ea5c70dae766f2e00a71510e9c76b58
1095,67799b98ab2d6ced76b8e46c4d857943225beab9
1094,88b829aa824deef1166e01ee5fa0ab8813e25cac
1092,b2ebe0e95c6b9f28574804d5f1ea8d689ccd5211
1084,19c3e0eeb81f4a231d0ebfd2c18c47215f85e572
1078,f85642da67285a2b1d991d1d0970d261a715efb1
1058,10cc4ce2b9e1d745f3be91373f48ef6ea9ca7f88
1064,f27ac1c110da6ba117ce93c5631c779bd9683a8a
1065,6d6ab3dab755759ea51ffdc7e7cc2e49379eca4f
1062,a2ed5e46d17020f75b5d11fdcc22fa4090b2ccdb
1061,df4dd005857aba57353d7ff35040712ddc60c5bb
1060,8c597751fdbc5a7082ec6f3053c1b066bbac5b3e
1049,8cb7009bcd0f0062942932c853706a36178f566c
1056,a5e607b6fc889afd3f8960ca3903ae16b641c304
1054,300febccdd9f6ac36dd2124d35bf974cf950a703
1052,580639904c07c4b29376a144d15fa00f4cd39b9e
1051,9f2d61bc234cff3d33be9c526d8cc38c9e475063
1026,30c788917bf083aae6c4331ee102f8785c69432a
1046,6d1b653e24278111d82b761c2ea1e66a0621a27d
1045,3fd91012f20faef6f823cae3b0ba970181e30c75
1040,9a53fe859acbbf833c05f14e673d5cc76e5fe135
1044,eef0e0d65c01159c1754e72a060a557cacdecfdb
1039,4af4e33e31dc800a8ebaed517e0a781fa3dbb437
1030,ab18b08903a3caa14025c9917923aaf20c0b048d
1028,a7632361c42b33e4474a4ca5363bddbf57484daa
1017,d8df2cc03b8b83061786027c1def3a0edd02f05c
1022,72f6b6a5611c08ae22ee72d320995a35b6e45998
1023,80f440e91c1276f98463dd66007bfd9a7a59a878
928,b8f6974f14e9eb37023e944a943015ca932bff72
1016,7d6523e18b2c752e0a404746018df77cbad5bcdb
1009,1c66dece59d4595eee3fb33d2609e2e288a28ff4
1007,bd0aaefdd277b7328ff5948d8621d34fb8f87dfd
1006,484abb6530b4d271b88d3b38b44f26e7ccd67650
1002,862706ff03f5e40bee839db9ced69c271ba042e5
1001,3eff3bbebd477a95c3a78fa54e876e1ca56805f0
996,806532b496ee7a3ffe732081ba418dd3f42986b6
956,a88c693c49feb9c9b9fe253e1e35adb10af2efa5
999,9306d94bf0838219fe885d6fe4303aa44c8c0125
992,ef8aac61c476bd46747d3d4910a4d494a59fa375
978,f614cef7ed63fd7f2a9c44600f4d3c84f96c59d2
984,b3bf7ec188b7f924a7df1b2884440444be7e1e08
982,0cae7e20361dbee41fb8f79d7ee9c763d17d51e1
983,2a1de91292e1996f0fff0407ca147c5894be8042
981,d2aa09413411f346620a76f703573b2cecf2d17d
977,9494ef705003a99b2053f2b4084e9346b6c279a0
975,7b03f8e2043682aa2d1c06e0f7e8258b2f9c43c5
973,3b9041fe36798639b4316fb3e413ac7a04c43da3
972,580ff415c8f611a9651878e1135922b62673535c
971,25a66ecfb3dee049b4094d5113bbd178dc190bef
970,923f2d64417ed8ab3b778b87a517e64c0534b6ec
962,0f0be9deab501b85f9d77d5233886505ba17abc5
961,462443a2d1d34d686eb11dd1b9b490c062e688a4
946,819f66e5b550e8881f2a650c0d70bcaa01af8ecb
938,b92743368bfc357f72a4046e899faef899ee9972
960,589c2abdfb329d343f5fcc41f674993677f01607
958,abb801e4afb200db3cece3c16da307782338c1d0
956,12ad10f6975d9651d0c696a021fc982c2c5de861
952,fcf0eb022ee81cc8e961c08c4a89742a9714cd63
948,8428e3fff18a870b881c6b664034af863973974b
930,392491a74d2d8abcb2c0db5230fc7f11502c6ba9
944,a93ef6f76963a96d6de099656ea336bfea9b7405
871,364ee6c33d74ef5b907242cd56f299409e06bcd1
942,381869b72712310c05c5643dc89b7fe656e99255
941,7889b2838f8890122d0f9c4bc141e03cfc25d003
929,1ddeaf012b58c7d764c2d7a9aaf8531c0ac78ee1
926,e7121e7acdca3875370689034d381fc71fce35d6
927,f12b472f4935577611d51b1ce14fb8b67886b5ff
921,688f09c0916841d16697bc71b474b878830a83f8
923,9aae5ee34a38167a5eecc028d5bbf1fffa0596ab
918,eefe294cc9f338ccaae63d63b07892653c745d77
916,97b7d22599deec4b6ddf4bd11a55aff0f93dc6fd
915,abc8d51dd3814cff0b5b015677904fc1939d236b
913,88e03042a61e0aa4ff32d685353ac9d70c4ada21
912,d2ab7c2353eead864d8d30b6b98005e88e03a3ae
911,992deefbba7d71b27467e656e88adf37382c8c62
909,83b2981a0f304505e032031cf5baa9f2c25fca8e
910,b536c100e84dd27e4e6208dc42737810ed015d44
908,1f98ce91de02a062ba3345c6bed2ebbe97d9e756
907,dcd2d039888a4a9e268ac63cb32005d7bc412985
903,5491d288fc7ea3a512a69c1da0b27d0d77c107e4
905,25fc388426f94ad9941b79d7ac1bd9fbd638d962
901,d5b0b6527bb7d962de7a7494b8335008e15cf23d
899,2e6e0e4acd66d4a29b64c9f3a5a08b5a9527ae80
886,d403189db7a216093473f9677da7608fc4e8bcb3
898,aee99b9a40e17b07a252e388aff7a016691a043c
897,3fbe8e7cb3ca57fd8656890ea7855da62d2ea03e
895,9d2f11164c6c3a30c882cc418c69b114cdef6f8a
894,4505332fe53ebea0197e30efe66418f0fc92adbe
893,da2c8e542da6ad684e2678f92f06af9cf6c98d82
891,9e54a9ef5625161f3b7d6ec49b00eda7672ceb5e
888,908a8ddacf330b593540fc2c8a56ceed0f07f128
890,7b3eef5de317cc75281bd7ee2560ff883e935121
889,9a543d05f98a927ea783f2d060c8533d6e7820fe
885,d01b4eeb6479c951a8b0ee10e29099af9eaf6e5e
880,fc41a5e8daf40baad292b4a4d9a0228d83bc2e35
884,644ad1a963ee3de3d5aba02b4afb0e9effd4b42d
883,3110e13642b82b0d76e3c66320a044bf265f1276
873,8e12ea5e0fd32dc5ef3b757d555c9ce1fa5123bf
882,996a0863b91c688a7761f2684609c5663fb9f4ac
881,0ad1a9a60c5d4d0881ec12321246b0139fcd57f5
879,f8757c6f59b063786f7ab52479665cccb8ce21c7
877,d971e49993ef3d0308e9f1f4466c87b0e8463bea
878,16fb504ab9bbdeeb3fe98d94243f9f02a85de8e7
876,a7fa9cb29f22d62ec189a059142e600e0a1fa75b
875,5eb0fd5ddcdf0b77ad30d7aaf051e5fd013e2f7d
874,eabe9ac9001589b7936cdc2781786f581f77f7b3
872,f36635f4dc1764fd3b29919e925b7681ddc28ffa
869,2f344ca6d27312bc47c2caff35a273590fb7b2ac
866,f81243eb1c86598b020169e01a0738c68a4c74e0
864,85d087b51eaa1706671b28add8aa86dfc7766a01
834,0feffcb7789df57b44fd1824d648d73689fe7c1c
861,e20d4754fab0b4aac7e797ef4e87327093447161
858,d0e68d0617bc3fc0895b6ef53cc03f76452b0178
862,be246928123ac5c354f4e0ceec067c227451eea6
858,fbf12c3ee3def0a47f040c545f0d3313d9209662
858,a91afadccfea9fc2063f46989fb1b5028d30b6ee
859,6fe2c6a06171e6fdc54dfe71e4d649c53c1f0200
857,7ea910236a39fc9aa74e64515c3795951ef5d502
856,9e46fbab324d887934628104e46472c711dad8b3
854,97475bf5025aef5782b33a9956e37e86acaa1e8b
848,5f23a764326b8a1edec59f60fe3baebdc7e510da
847,6277ffd860bfb682807794f6b83c5e686283b592
846,ffb89614079d5c97c382299c61adde42c0304fce
839,fa248655da620a70e94935541d50cebf440ea946
843,9764219f6da245b5febb81b73f48dadd8a699471
842,eee8b06a5c87490c62efb6eed1361f2d26cbeb9c
832,8138ae8e31ef2139774acf2d16d6a8f7e14f40cb
836,a6d07e707a1f50b6e1efc20f968570c8bcc0a77d
831,327f15afc3fcbd556b87a5b568b2b6c983519bdd
830,885373496002b0400c1d7ade50330b969ec67ffb
828,cf0806a96537c10352f9d78088b589a718b0158a
827,22773b8b32803b6365874998a291ac8595f16e3d
825,64f42f211de19b8b80ac15425f863d959e9a23a6
824,460d9a418ecf95e06fe800a37a02a186ba8fc0ae
823,8bd7a7a94f4615836de3c431ef5e97da60c77801
821,b2e572bf8291c54ea0ced8a6e43444ed6ed2c744
820,a3c0d131d7029e3058b4beec8f02fc60a6efc955
816,2c02f56c4123a8a2943ed9f7c868ea235a90f42e
819,ee3ea177a8550d43e8dc2020dfb3f86045d3d5a8
818,c664738a79f20e2c2919177a667d586e4f802368
812,5f88e8a042900337e55efb5083e84410c37cbd3c
810,f17888d8256ebaa409abf4503a95b08b904f076d
808,f6742261719662d71439abe9b83dc1f103a2337a
805,7a4d9a0792c89de4ae054181b92286be52ce10d1
802,6b75bc272768879ba1043da2acf84913477bf7a0
801,9c87b79f4b1966ee357011ca4e0efa709f5418bc
800,d1866191b8e7c4e4f9279ebff5de2628a7656289
796,7c720a07652d705376af6bf4fcfe6a65e0df3ddc
798,5435b4671577621a3696c5ddd8182779126ccad7
793,22223f87486b8f790165c05d816023f83f7c3456
792,d651b9508df416e095cb13d9abaa72f02f42e243
513,ea6a50583a006ede3d9d4d72ae96fb8d45317e74
790,64f056c61f512c81b71a8b18a23d7907d9b02549
788,3bab2e5cae22390a85af0963b68ffa70d7b2f187
786,a58349dd34f024ef446869456a3256ba2fb2dc3e
782,e733b0ea914a6744f7ffd96569b75437244aa4de
777,8c8b6816ca9bea1d4611e23ad73a22018605371a
785,2fe9fe801f6e7cf4f64e6315af10eb7407766f24
780,b136196f29599c223db5323a8020ce3aad40d41c
781,386838b31fa4928dbbca8df1330f23df977f9b23
773,1e77eab21b8e3b6592007123bf1daec759bdb5e5
779,c69d4c200ace6304767289bc72654a381779e7c7
772,03b9c9b720e30e51893fc1b85eac41362ff7ceda
774,3995e37a86cc70b2698fe4ca883aac90201af48d
771,99c9040c3dad802fd0825dc10a6b09b0e3beb017
775,30573ad72a19d593c98b2c99577ed6d467c5edce
770,244043b49d3dc0fcada5aa7a043716de7d19f2d8
766,9d59fa5a8ac85f0699daeb51f8602b7d01d31882
764,323fda4b9cad52f5fbfe491f54fbe27b746c5b06
763,058b9947e4e587c9eb54f4797b1a1596fdb98cb6
762,1a2932ec0459325be1a531c280d3f26ec5d6cd7f
761,60f280b5ad6b2cc4c2419b2c7634d4ae253b53d6
758,0d7f901482bc59abdaa06cd93b7ed22b7e26b997
757,78365a362449179b2671d80ccc07fd5f6a4092f5
677,5a8e5d21b635882375c7c77a9b2c6dd682d6d00d
755,a255c1bde0b01da1510d2f3e65bd400f56bd0c6b
751,ab08c496f07a596b9c32925e51739d52988f91bb
750,64f1a6d317d0ecaa620ebb586fc9a62fa2a4f318
748,69daf3ae0c20fdaa2a5140d74a6f61ca43029ce0
747,007f75ef5e006d0b887a0c7b1f536b7852e92783
746,74699ac803fa993aa1470bda9fc95a24dea18b30
744,fd5e0302438ed28d6b676261a4158debfd44058d
743,3e0ffaa34e78e2d13942d5a0b1dcf4dc10eb48ab
741,3081caa1aafde076a8472d62091d131dd8ee72c8
742,ab89f6df66b5a656d2ea27a8156f5f64d783dc80
739,82a47be23c107ed401cbbf40273b0df42e1f312b
740,0ea4c177c559ab467848af2af398bd66d46dfe95
735,018f495f10c1e07191819a2cf11232a9b3f61327
738,fcf8576ecb1ae4bfc92fe44eb288ea8e47275c5a
734,a7a7d09f446cad7f34be04ceb47bd8512b9cd344
732,9d74cd138d6a023cd5e8d94aec92ab984c0a5e57
729,f4d6adfc2c7c34799711c5ed7d425c55f9719e4a
730,af27c34521b183db4a11dfc5e69a84c7a1759dc6
728,6c814acd5f891fceacb38ca9012676d16195a3bc
727,ec9873fa85fddc330e55de4ab792bff799fe7c29
726,fbdcfaa254bae910a3d0f525f911e058cffe9ab8
724,837c8051e42d9de458c60a2ac55ab1eeeac33021
722,85167d3589643b9dcf8ef7b35937f2ff0d036efb
723,04c1ecd0f7b730b35d235b3ea52b785772e19d26
719,565dc02a16c98042dd9267e92c835dcbfa423cd6
721,6a58bd08d98bbf4f812dc347537c8d4ab3663cc7
714,666aeee79f849d4a8d02d2860b2f33a9bd105e93
715,bc6883a308055bd76f6ec82d5d2afdd3d911d528
710,d62f1e5030fc5fca0428144b5b98b6438631b018
713,11959265eef44ec984297aa3a5ee39ca5e8e3ffa
709,bb9d8ac38ef76599b39942835bcd82694f7b4f53
708,81fb73f4b0343162f2ccc4d2d97893d4a0d2ee29
697,c2dd7670fab02b14321ae3deedd3c9582485022f
701,2e4b907b19403960bcb0882b150c732e5d47ec5d
702,e78aa8ee6ed81b7fd2661f0d1e3cf4f6aca79da7
703,43f072f16f4e21c2a19ec1f7fa7eb73667f102f4
706,b2a22580a6c25d686efbb46730f429bf6b188ed3
693,5508d725b92284b78f3fc5c30db448ba68e3c4dd
699,e4d75fcfb6901af25f51261085a3da6ea770553e
696,2c89329b93fe02f94b9bb8a6c39c1d8243a6a9a0
698,7eef21e3d371bd2a87bcd8a170e162991fa9cef1
693,219b4a52d950255010b072634a9102b49982dc09
694,7858cbc4736a9caaa3cfb0274695a29cf04eb319
692,c9ade68443fe0195003ebcb7e62dbda94d35dc84
691,a56ff81b19fb112f5559a6fa56f7d9293450ed8a
686,bad238f9964b31ceb3f1801d7a5e47c1b2549383
685,3d560baf6c84070da60fb0552722bb86db78a90e
688,a238f0a891031261dd735e82d7713937155f1384
687,b9ad881b67a1f64c2303eb0bb1b2145f32475ea6
667,1e1d980ae2967a9fee14dfeb13a63cbe34769fd5
654,db634a459638f36cd9091677142dbdc476eca778
684,66cd634de462c685cd11d08b56e39289dbdd109e
660,da434103cc3d61180b876bc965b4bf71f670a83b
683,dd4586d3e09507130f057421a9c7d626905ae827
681,a85b68962e0ae5cc2e10db4f0da09f1ac856a758
680,dc7e73524f7c9c6c9456ec1aa5499da84f8b7386
679,eab935034e6b93cde75f273500d0361565aaa699
673,56af64585f4f033c25cd574072185c85c26e52a2
678,1b50f04a89dd7af7931c53ec41385f3c16135322
676,733a6073802775d2fcf9086ac73ec39fff8fd1e0
670,534dbbfce193451a00628167e0f50e36f191fa0b
671,915dd237450120c6b658c95b4a87b575b8df0cbc
668,7e5ae94dba1bdc5358adad3bc7a427f92436d3a2
649,7b14da9b4c5a61b4c852f9e3e13c2786317df50e
666,ffc7f7a64f157526726c1b30311c8ca65fde82db
665,efe905a2aa924592bec6bf38e5c20269cd0dd771
664,dcd9cbac4f3492b674b414c9bc1ddc54cbf61c98
663,91a3a9da6da1a8ca2ad27ac6e53062fa0aa802a9
659,6592b73657f0007892d7c348d504cd9be7a551f8
661,13be7e295be87cad9a1198e71bfe3ed9ca1556bb
626,6a42d4e91eb33b15369a0113e66a93dbe9e6c029
655,83442f8ebf3b855ccc9ea691e6797dc63a5648bc
656,4904a982dd9970f843a0c368d62de55cd6f1c0a4
653,6e38853c99a6b01513dc4595e5103e848a09e63d
648,54d08ba9cd8f4c0db7931484c28fe8e3d29a586d
645,5b2c3151e0c636ca3bf8c5632542167536ebe3d2
644,132f2bd7583326f75a8673b9b69b08a7e7c0960f
647,b273d1375500a436ba09d80688f50766d51d6b6f
642,9cc58b7087eb31eb1ca142a0fe4cab7814b43437
641,b07d63be4c5cdc53f008575cdbda67b310a2eebf
639,5d2c084d1b0a12af240a45b7c396af3d18de0e7d
587,0559c5119eb686f5fe59cea716381f404c6e0516
638,4ad7c0f11b92348fe5b5b8d6a67c62f80e1d05d5
617,fdda8c4e5d5009eb7bdeb7b556b84fe2dce2d850
633,2a83436f14dd8c9d4dbad4889c530b5398463dfc
298,81aad79cab9d68d4dc4f8173a3b193f03b87cc2f
632,ba9d59ee794915a218f9facc97cb17b57ed9c214
627,411c175679001c71400692f85d151ca02a978d83
631,67ed13498d2efb210ebdd8c284165eca637aaa46
624,44c7eb10c6532e45df66dbb552408455480156c6
630,77e21b03791cce0a52ca3ac3591f0c797c5e9134
621,4edd124c0dcbf24ff898eaac855f0a76c7c1e8bb
619,a9352bdb221b7df0c3bec67167e1a8f73d8a2514
622,8dc435f6b1c6785f362e986ff092bc537bce6b3b
620,062d9dcc2e262d8ceb4cdbca3241a1fb9875e5dd
614,d964c74bc414f8c51d4b146511f6dede93aa1c65
613,9bde65edda7a917a14c0f649e3f6748017e0db62
612,2f34bcedcec5a5b1a458ecd3eb1adde520b08576
608,d997bddc54d4910630ced55eefbd6b2f7051b777
603,d923ab3efdc0c39d517e797e39d1cc19e2e2da28
607,7110018a8bda23d9abadb6144d896fbbe589279c
606,a2f1f6352352a8993b391df10a8740ab3c366585
602,72afbd8e77d0400c237b645e86638095532b2e65
601,92b2921facfc84c63cc86fd1d13e79fa3fc11fe0
598,4d149e827d3ffee210a898689ecd48a66c80fbd1
599,a5a9fafc2f6b0f924f0e31401f1bae814d575fa6
596,1b6fee1f6e5ad1686f622758d6cecf2996dd3050
595,44ceb975224ac4f4da27c115eda2ec53550ced11
591,12c268c13b848ba3a2408b05e4371c300a7d457e
583,ab6efc7457bc2d764610b0bbcc8cc464925b18f0
589,a39f5c5cb38143e8d185e48af8315ed6e5d45bf4
588,185620bb3fe891fa6e074555f256df4bb2c58c63
586,0e88a91dc171a77953bb93ea421216acec8a292b
582,fa9e01cd858da6c2087ddd8e0c3230de704109f8
581,153a72944c80b44da957390dd37c754bbab5e3d5
577,a0f1826be39bccb651bee58ccf3f5c95a76aeb6b
578,f76a7b0a585ec91e8010f806d69f64374960bcc0
576,8f4dad15d4a7789b49e865cadda882aff7f817e4
574,979d07097f3762bedc7259fb1350e89e3c367060
571,f9b73bfa25f2a2351fbd7355a7ffcf7945ca6ac8
573,58d03bf8225ad546aa7d12fe062bed136fd3f170
572,6d15d46a310b29f9c0936347693dddc7001d2ebe
568,db496fb35456a907ff1dc4b460947bd80cb4f37c
566,fee9074c8e809ee158cd8d3501cb90720b06c852
561,beb9ceae946c3db9cff6d21d0f35485e853411d6
553,ab6e54b2cf5fd3badb1a31143146b36beaeb88d9
557,28d01e44ae4b7741c461116d660b05bc27b5ab60
544,986fd2d9921ee433436d72b3ff5e8b6c2daae34e
559,0c226e6e7e1b93b48ba3ba7ad9ade5ff38b06987
556,b1cf9575050de7ae1d65f38b6dea297e5cee6fba
1,ca37bdf9ad5ed415c8c7b6dba240603433da0ae5
554,fb23a1e4ec0eb4b76fe30b3f86f1ba05e934f369
552,c125c0455775564ef42b93156819d4d1d43115dd
549,51fe5fafbf5fa8db0757473313419a4eca9642ca
548,d7117dd4b55ea3956a543fd69f5af5f74d0fe3cf
546,927f26e08b25e26a4a6c65a3108717b2d1f614df
543,6894c8ecaac64f4b5baaa383ea689e658782d05e
531,1605bf1cdb7c4f7bd10f3f215451195d3286fedf
541,d947031e9968493f59fdc97ab0236cc1d8b6ee06
540,9fb3e1b8b4da17c5c2f360720f3807b510bf2762
539,eb536a6f64672e54e4dec346c8de602d7de435b9
538,f77dafd17bf11d505d4afd120added2c7b242880
494,68f8f429390b50ddd33d503aa6bff8dd9cc6eb5d
532,17790dc2c426c4cad9b886d4d62c6721373d166c
534,5253e57fb8cbd6f51cd4026c24f79e09f3ef1354
533,8abdb72a7b49781ed80afc8465273d3ab0f0ca1a
529,33eade861e9aea83ca7fda262026312d2873f302
530,fc31362f0ee2e1ef807408c53d6a0cce478b6240
528,7ce6df95ab9a6aeab8e3d0c268568063624849b3
527,9e98896bb3557b9a3cd21b4d8369d5427b66b770
526,59aacd68073b1ba017ed77de87284c3fd3a1ad94
525,3029ca6f67460a53a0d3ea62c35dbaec10749fa9
524,7a93f649a7c4e5f3bdba7285a8c47a1854c323af
512,92cc469b7b49984026c15778e3045513cb1da202
521,163b2e208712d1d463fa7475499c9f86f0301b6b
513,52bac9af854f3e0222ee0569b4206acd3bdaa804
522,6bb889df3346409567e686fda99020ca116361a4
523,71b01cedd00a9a6c9a5b835025f110e567a13c8c
517,6b29ad862ca292cf1482236934c111783bcdc9d5
516,f912633d6ded6ed563f8b8ba88525839afa20031
514,32029e27668dcdc6204bab8d8d64236962ecf973
511,017bc3943fbe5685258d88439d29a30a11bd2559
510,a9c209df7a046846a16930124a865432d7caf2a1
496,ab91b83723901ea6b9a52be329f258901f612c6b
507,f1b60c2a411c4ae4dcb7377f088f64a99d43be99
508,85d0ddb4564b40dc1283428e52c8a51bf0d0990b
506,9dd8610fdb52e4cabe0850c3be1fe3da142de854
505,30de80223bb00cc33cf7c97c5afbdac17ab073d5
504,d378ddf55951f010092627158d12a3160c752ade
502,8d426c2db6391b3e0dea145998aebefee94a5376
492,087fb1cb7d7c3c11026528f01859b76e35f2205f
501,5844690138de221c80be35a6b96382c666878a9c
497,30727196ed68a97b7b14b3bfd457337c4a7103ec
488,cd6d1d2f2a2423db74e18b149787b2efcca442a3
490,c53221c38574711cdbd9e30ab1705967d4e96288
487,64c50cfd35016b24d09f1fcf60e8d6fc2d0685b4
483,9c42a8ab29f0727cf82ecbf4946eba3007f4e21c
480,2547ac8682f3ec1f95e1ff365f858bad6807de6d
481,d3d734b4c0d730f1ec716a257e440c6bde79dd0c
482,60adc95ef1377f79f9cf7555b0e15762c7dbef70
479,96747e44d46d99a91879587d311578ecd4664645
477,289d960114ae59f8247f160e15871673b7751b3c
476,c3a7284bc8bbd58b68dd885b5339d8c29685bd6d
472,b44129508219dae805000e05515653d91dacbe87
470,ccf3693be62dd8a79ced19ed9d69f0708d2b3d6f
448,5f4bded5999b0e93097384be029f0e6912425e8a
465,fabfebb5d6e2daa53129908f7b2798756445257f
463,d4de389374ba8d38a6ff43a79714cd02b9f5720b
461,484108c549c845bdcea263b80979a51b09760663
451,18186f645228a73bf90e75f0397e1947fbb6f61b
457,fea50b59dbc49b2f0c1ee6b963f71d19cfa846b3
458,becd32cc4bf4424dcfaf4b9a495ad0ea97d29886
453,cd678d9756c88c2bc27ccde09136b76edadd2920
448,37c10e45c8fea5753f1a412f052e840cf53b8833
452,1fc381a84316bbbd9cb938e09bb9290d52a5bc85
456,bc21511c5cce21aebae0e432ec52b963be180ab0
454,bdb4eecaa910a42dbe024d5971f7f60ad56a84af
449,f8ba5c6f54ae44aa5bf74b6ef6a3d9cb871ec524
395,02987e27ccc411e020156bd8e9cff794f6bbeba9
442,9d87e8fd6ffa4c0ab66dd6c399ee3a276302942a
441,a27fe8f0508bd441c1af87015bddf6450ade9168
438,a6b8436c50103660ab61cdf73cb5e57b2b1e6699
439,18d19fe0b1bd6b6cdfc0ed0ffa4d3b15e84b3a91
436,e14e97e4cd45445400322b270b631ebb4424e7bb
437,cb65d2ca4a70ad9b387b1402e8f87909332abf9d
435,f74e2f520f79f279807c122075aee3ccb8fcc6cb
429,a54830fb654c3c415f20886f317e8a6443131368
428,46ee0e411bf456219f099bc41fd750fac7e017c8
425,218689dc20097d6ca275f3dc44caaf853fc3062e
422,afcec9536b0853e89cffdedeb41b526f4029965d
423,29d47ebf343547f1c0f0c7f4850c4113409e2844
396,1f6f0186d363d73d26e81c84245715246d57e8b6
421,5dde125d9399296ae91eff7267651af7e70b4063
419,a05e9a571ded0b6ec3161112446524355c141d6a
420,928aa47fc18f0371e1990c4c57f392f63f898d7f
413,171da8fd4a99b1919712dd2e6691a4add429cc04
411,f4bb154cedd5068447725a87769f0b494da007a8
379,7ee8a9035821466640ba2700cf2de019a577cb31
408,f7aef6ecacd0dc4c1343d3aab534c12aa50cd51d
407,f0b8c71f66dad8a06e3d5e9d4a379d955fc879f9
405,c6668bc23572855a9cbc22ddda20c106b3a87b90
404,384d22974f1133fedbcea3d1debeaf3be307eb87
395,00df5b44c9f0291cfadcc0e8e101e8208578350a
402,7e59c06568b38c092804e9054315b3e76e792365
400,a5cf7d9ba273854d9ad5dfba8a3d3a57ded651fe
398,203c1e939e40fe2da6dbfde3d0f3e92f750315a7
351,e4bea29ed2937d9740816d59a1e47a43f0a0311d
397,d7b1e5eb91b65d3807fbf921ae51898ce3973b14
388,d9c62b0925023ce3f255113dd22d615c94a71a05
387,eded7675dd4046ac64a95a1425e86eaa046bc705
391,6bb6e90f83929d26b3412e5859399dcfb72d4a62
390,affc694ff3665d7615e0553c0038b733baaacd82
355,748fcb76778b618d232b1c829f72d4ef65392441
382,b3e109d5185381f3a000fa8397c55c5f38a7bda0
383,8ba1efb9218e96788a7ac692c58292303256f4c3
381,4e9fe6ad1c36bffd01aae4722cbf7609d230efe3
380,c7ac5d248308f1379c0e5fbb03587532457116b2
376,54acaed24f4600f999d823568f13ca146fc60e1b
374,f074a4c6c05dd61d0ed625b507f671214542e477
375,396eb2fdcab07a89d5f5f58f80b04526f16bf343
368,4055b726cca8d3c698968a96111050fade53995e
373,12207f39fef560f60e51ffe2815eea843fe19850
371,5e54956b7c1d597b6c83b2c7f54839e62f7c4b3b
369,517e20224eb4ac3361a5fda900b7a259e7fdb0ee
367,9f2fced17bb01ce1f8170aecf4f87a0c3ab229dc
363,981f3aadc79a301ccd391e805f3213ad47bab4cd
364,1be884e83e6d9d4a90e8b0c7923df31728f0f628
361,764f69a47bc242383e992502491a1ae0012f13a0
356,6166291c3e0a9eb97303ee5b5f06e2168c858dd6
359,e08c54dafb6941bea4465f94b46f2cfaff3f9497
357,c9b86b225598e8899e2a0b96c9dd462f40fb8b1a
360,0f69f8cd232f27edd8795fc8c215ba01c414c109
315,687a8054818fa6869fb666adc62729eb82069208
352,d6897a7fdfd815491d98687b6153a5cf5885db1d
350,fe6752d1f293346e6f1d3c47e12fa6a68503d6c6
345,60a8d1b9bf4b70aa4ce48cbfbca593cdb5e853f7
342,6e1bc6fcd1970b5f566d5b264ebc52bbd5858dad
270,31b867f632acd87636af9a38d68a5d4cd80acda3
344,e4c18532c3d9f9fbe0448d70a1f00559295b9eec
343,65998b263bf203f07fe3b0db4917b3d836e5d504
341,53d76659ee08df73baa823cb84603266b97d590e
337,72b8e60d189bc2e1418cb7bef2eae7743729fdc5
336,f8fa8497f3bd192b97dfdba071b60d47a06dad00
339,2e9e268632297fe553ddc2d00acfc98b0797561e
338,6bb7c98a68c92e9e759bdb5738a08c99e997a3f3
334,08c1444e73ad11068b7c4bff4589310ef6ca566f
333,27c2eabc08269851ed97f3d79781aa76d4722ec5
289,9a35e5ef05d5f623f5362f85be9d2f240e6cac19
332,62fddef501465e7ffe4f4eec5562269b7fb5077c
328,376588597ecf47db932ed5fee432cf6a30cb8d97
326,cec4e0bd0e2008bac9843b80f1690de4b3a5d45f
325,0a02e774ff42d791326109549900eec13a0a88af
302,e0c3545dc3e44b59d8fbc540187ad491a5dfff27
323,ad9c99f79028ee6a508ea3dfdad63215424a6fa1
324,4b644bf2f130ea34dc11e13ca4a3dde6e0cfeab7
320,259f4897a222f57165bc45d6f481b58a8673bf93
321,9ab49a2145c5997e580bd718099e2ca9bca0cf06
317,e97cc6586d4976eebe30d343f729cf622ad8c558
319,e3e7b20d0eaa0684a9af71d7a2403afe101a6535
318,67866c46f4d802534a7b99e0ed173bee3f3604da
317,73d82143e525b6e0470ba6566bc8ed246eb9c361
314,863987dcba99e63c1b652fbbbb051d0353f28609
313,68aba40b2dfc9ae68657bcd2139a1897f3ab7f84
308,47c9af815d062e4c1c5bd0750246b3c28cf740ec
311,a25dc906afb675a2b9d9095553be05df84153459
290,791b7710989b58832299b387cbe15bce776dd04d
300,1f147f5e7adf14daea1f59d2ebc88e7539c7e4a7
306,8dfff69ec23be828d5681fae5fcd2c7b9391ced6
305,6255017b145df5cc0d09b975e4f257590666a089
304,31c9d176e0e013a46e7d45a402a09bdc50d8db4e
277,390839b945cfbeaeb4c1c07bf97fc5a99198355f
299,f39eb99eb93b4fea7a4b4f1953bdc86be6994b36
297,7db156629bdf32c8dd75ba3bf6a8efbfbfcbe57c
275,bb6e8f6fa65fc4f86802f6bd2bb5a4148373af6f
288,72deaa1432c4a4f93e00d6ae2383bbb908008892
279,ae94c1640c833acd0a2d5fd8dc2b037d84e02bce
276,198599daccae583939a7219d93699bbd32d13525
269,a37713ff0754bafffb6ca7098b99d4fbb4968e8d
262,cb9905a44e78b2fa257fc5308341a2d010a306c7
273,b245e8e0d378344fa24a4ea94e9098fa842387cc
272,adf9a455f65c92d4e7651dcd52a2a074ffdfaaf4
257,c5e960c128ed46cc557425b5146dbedd4b119dc9
261,77a7991db1a084da4649aebbaf45f583d2a30c94
271,63c45121abf9afa230852d6d21d774f324d91963
220,f12f2937ed3ba08c3558bf170006c97ceb7459df
268,f7cfbaab1689b50640adb75476fa14800aaf9eae
267,71301c695587881d7d34647f32650df3e7329b06
258,e187105f620891a026ce3739a9f0f568e6f1bc65
263,b292a52180b0af05b7e4a0ae30635daf6a623805
260,72d435338209917e2e9f6624af6591f995644b98
259,44528026d292737641ce8011b5096ade8f87a9a6
254,6aefd3d2a5477ab60137dc521b0a1cf5ddf1418d
255,0941ffc148ce65bd6c916f0ddc28f561cf2eec30
250,6a40c7d1252c80df742f7072834ffafb092d5d97
252,cd70f036f205e41cf1fb1a34785f1e7d9e80745d
248,71c98101b2c343c91fb39729cdda48bdc2a22f5b
244,f20c498b1bf63cbdc16720cee9b787fd911705a8
245,e3d34fb35e716546eba77c222dc242ad6cfae268
246,a8a7356c9b4e39b759153cabf7192fd1a1817e3d
242,19cb4076f1c80caeb8e39825011d0651e8bb1f33
241,7156d2d5df5922ed729957f98a8ca26adfa83f44
240,637f41d8ed42e3acd908bd6d8cb7297b58f45ccf
239,7440386f83fc2f51ec9e7abb4c5379f6a1fe31ed
234,d0eef1bb1447737b7341da268e3dc6361d17a9c3
235,4bc51ccc1179657311edb3a9a6dc9335aa194b20
233,486308f8b27782b0f16fbb24b976ff633426b9bc
231,e4f571970c8da2c4ac68f8b5fb751ff13cd3b154
224,51be1f391af44531823da4c6e158a216f3de5457
226,f0dcb3870881b1d6f76f67cc871fd6986c8684eb
223,bcd271743d0dcc6530b784f567f8254b81bb83ab
217,6aff7d96c2a3161e2d84373e45f9e2cdecfcbe08
219,f3758a7bf5dc2b1fc4797438d97b203530c405d0
215,3e4d63d87db43c5e68e7cef458a1909bf2933f73
209,09abde0ce69538dc5068d017ad683e9be1380527
208,0b1707bc9de935908a1b2c80d329318e44daeb4f
210,cd1c9eaa7336c18f1229712fc4a1eb223640b83d
190,049c51b97100f9f8e149859faad794937ed7dc93
204,fbe25db9cf1a863b8910a614150463c86a240aba
202,7d4e57090c679e628259d5dab2fc9c0c33dfcb64
199,c7f173d4ca97819f9db5b1c704a09a82e5106e62
195,dc94ca382048339ffbb144da0a28f47d6b562dfb
198,4161f66ccaacc57b445f1a1add35c429de84c63a
194,659ea22f379b69e1da34f89aae40ef1885dc020c
191,03a8730a6eddec03aaf25a08af6b3ddff12d8f19
187,9ea8cadaccc55f10a8bec5804573f740d51bdfbb
186,08decb025788d47ed73092563ac4d78bf0b4d704
177,a80eb4ea199de413b9b5fe181647316e837b7eaa
149,979b5e711adcfaabfe5d10087153490d8646d6f2
172,7e61c6ddfcc1680d67113dde6f45977d428ce903
170,55120a99589eaf896a4b56cf347affb686445f33
165,1e3a5a1338b6158ccca97d608898f79ed3c627ed
161,cb39a712f96e74b193f7c62da9d062b047703162
158,bd4d3028ffefac942af1b5bbfec70ffddf3d753c
155,4d60c92184f78e91bed729db0adb2a0272a9c6b5
154,d06e9d2c1b010b4c628e97a376dbab698cd65e40
151,b05a83cce2d7f401ae5f4efad47a63c465e0603f
152,cfeb299684f910d408acb0257bd823ce84018db0
144,16bbfc3911a396c3f449b0f92727528b99abb043
142,3ed89e01e495c122283053c3a91d752d0d70abce
106,13f84bf83e0aa35c9fb9ca9fa3214fd470353327
124,c2d539df8aaba9bc15031cb9234f401694e0d5ee
127,6944ef60f83e7e116aa687a972b5402f1a1bbe04
134,750206c779060ea8b1cf19e2058a87cd536363e2
137,35909de7517077444bc9db39aee009b59fc10e1f
133,591534cfc8998dcdc1c40beca4f4895074ed7099
129,244c356116238de38bc24c21501ffc4103357e84
125,a1cad195ece7289e147fb5c15f0753351291d0ad
126,05865f4b39e4af2087ae89382bbc9e4c42f69564
120,2a7d8aa79c8b9b0146e5339df15c030043d58c34
119,8333603b6357b9a46656b351c057956828b841da
118,72ab7f6e87deb2e2167ff4d0b69bd0d6537e14a4
66,aba749bbf566a94d5f20a88b2733988ca20a3b14
65,5c56855d6ffec63139b1e53b0b476f910b84766c
117,15a88ea05d5d14f250f17da6a3d87f9bb9000024
112,9a575d8512c26fd35a74326b0372bbf366dd87bc
104,7b47919e3deb59100f4351584741140531068fc8
105,c9f651ba39562bc7fa471f75fb859c26400b5dfe
103,39a039fb8eb731495ef5774199502154a08e75ad
100,b1797001f936c5a856a5066597498d01dcff874b
98,78819664cd923e459213625c521963aa686102d4
89,447c54ea743478b375099ab0347b9bfff08e3f78
97,4b04330622cb81e50b51c46aa84bfadcd3768a49
92,97b36a993d5481c71824088834c66f3164a286ad
95,21486c5b0aa9ecb8c8639e4b4e020e8065804515
94,63fb6b1bd1068960ab2536bb027f0858d4d68d06
25,9632546c4b52362b21ddf9072c68f0b3411c6d1d
83,1464a3396f7f9dd8737b97963a33cd1afeef421b
62,f444e3dbe1fb1afacef12f6545693c580cad73a2
42,f01fea4c4b039364d1afacb8262b7ac5826f3916
85,2039349597bd2a6831e568d294d894bf34d072a0
79,5a64deabd4a2b235b207550c5ccb19ea59c9e797
84,643cd4cf589e1a88bb3dbc36bd5344e80e1be514
87,e57dee60a5ab6266ed375adce12df18e0a3dda0c
51,1f850df753cae1b24c5be218c73728abd18ef89c
69,5dad6e9b3ae8992ecbe1f90d3d561dc771853abd
74,e2419c50f6a43f5476aa0e9c0725925e1b0670f6
71,6a9065df1c40d4b18ed15ca1882d13ae00f5070b
60,e61c3428d4997cf5e2a7066f0dbbf2829f38b8c8
61,50960c2a2596293d84b5caf5c64598d370ea2805
59,6b3d012f9da6b3521d2ccbf10cecca3b5d0fe599
55,1ef8202fb0599b6d2bcb20ae6c7691ac0108d0a3
50,835a24252f6c31846349bd84fd2d543cb8046556
49,3f78ce7d643e10034795cd51405dff39b944b1f5
45,29a1451210a111b0038e593962973cc12fc23796
40,e4e9828640fc9046f65fb3791627a8ca91ad7e55
32,0238697de663d0045844195347d7aee08952183b
30,13b17b8141119d071e95a7918cc62bb1f2c0308b
44,8595284dcdf140644cb4e63c14a0124059f4823e
41,855c6977157e21dc5328ab62bbf564ed678ce36f
34,fcb4b4402bc789d4589290c872913b80bda1b943
15,3f5d0c0143677e3256401f7eade7d5b4bd4ebcdf
14,4255e4e654af4d68765204cf6b2929e86306c292
12,f2ecb2ed6752fa6acd476c47f1e17eb4f0c2f051
11,2bec134c7ae9755f16ef3542df01daabbcbd186a
8,e9868b7d98de19672b0737bb69287b1f450a5417
7,fe2832d8b0959e486c09d1be23c44e16e83d5fd3
6,181348fd4ef76cc5833539cf1ef432830ef7b85e
3,c47c647e7dc8f2582af657736bc87c153f4fb576
2,8bd1d9dd7e2f33aed255c607efab6a2daf55fc92
1,01fc25f919df5023eafe64e98bc6a7a87361debd
