issue_id,commit_id
3742,6d3f87ee071ea061f0af2ba7d29b148841090b59
3740,fe55f92cdc575d00204a134b2d556c1053e1ed4e
3739,8952a178715c0f47f71a3600e9cfd49dd518096e
3738,1f1b65a62576bc6a2f9cd27e9a725f0554fc70c7
3734,e071734b4e9f5c21fe65400b167ff327c6c1f7bc
3725,1a9059dd3a0c1a8574f6555e92f3ec3c596284f5
3722,5bf8cc225f1e7f7efb2e8aa1f8e2c11190c1e5f8
3723,fd0f89ebf3ef44fd40372db48f25009bdad6d162
3716,eb865f8c24572065a4f1c7ec8316e0d9d0eab381
3709,632f85b65354ad573bb33c54a0a9dd3ffcef371f
3713,216d97c21abe9674fe1dd6364b64051b0d09d0b0
3711,6638432457320fd2db9c74b9135afef370ed96f0
3706,fd0a6084498e9d1990ddcf96366e8ac27b63428a
3705,fc0aa7ac978b56e83dccde94214b1900a2ee1c3f
3699,37551e6798aabefd549340a7d3840b7648b413c7
3669,36e6fc8ab8418d7d8ead6ed0196b2bcbbc9e91ba
3704,f31a8ce4bc1cc5e189b76041714548fe43e04964
3702,a3d423e5ec5c1389c354a546c05c1ca09a03e3d0
3594,21c3df31de4bc2f838c945bd37d185210d9bab1a
3695,165f059a731cd8346cfea9a44045d75c27219ca9
3684,2fa8eb3cfebd7d797f8d27bfd05ea5f63985665f
3694,6f2fdc5ac4ad869a21c4c0281d7fa1eb8aa5a689
3691,f32f19162c936d94fb88f28f17f43dd9f195792b
3560,a40c381ffdc4c28a19a0910c4da8ec54e3ae63cf
3687,65a0a4b585781b5dd3db4009de3195e2ac7f049f
3686,d0d7b796c4b49361be8e358f905dde16ae5021e3
3681,4e854ee49687ceac90985526928d901570d3585d
3680,a12a34100ac0ab85c29f87117ac0b75100b52d3c
3579,cf5b1d028342a2f7c929a23d53367addf106064e
3677,b82cca728341926399ef4c06a7342867f5c43c72
3676,38a0d404b71807c1292eecf33b51312d6ecc6d8a
3674,3fe5eecc2b57406bc9f14dbcc4fb1a76ba4ebab1
3673,47e165d6d560fa502e41f152a69b657cf95f975a
3671,0a3e91b782ce557498b3375067c134cfab2b5468
3668,2b517a18d2cbebf8aec16eb5405340d11208a6dd
3667,fe992ca9925a6358a25e00b48c22f47a3587ef97
3662,3349c4914d8556ced05ba85a89868f2ffb78fd46
3659,9075da126c9a983917b9779dbc826841813eee3c
3651,ecd07d680456df6e6991b40a76995e31e005d145
3649,3ee366a199b2a73cf20e05c83b20a8e882be3400
3648,18a7751c7bc1779fa135eb1366cbbcc278669df6
3647,fcc0d6ebd9ec1c7e38ecbf1d093969e92c6a4c8b
3645,d4f443d8d0127d81e54c2f412a162a180615ee1f
3644,bcb4f2fd93590769816c68147840ac6eb9bdaa9c
3603,eec29a8fc3a1e557c176ebee5ec8bca6e3091407
3633,88c9c68e17774b24c4a67f2abadf411c6a689c1e
3642,c59e019f5c5ed032c5360599bbd56e3fd9421adc
3640,c34792183094b8a8c12d2dec2010e38bf39602e2
3636,42817f032aec5c1b3bf4b676bccba636fe0f1490
3627,fd348ba8cb1aca26d85e90d007c1c8639256c583
3624,9eae42b9e11b7b0a179bb9144aa3d08e569261ce
3621,330a3e3ddba712def955e7a2ccee92a205dfb656
3620,51c87e6199b78cd3b4b33a5e47c7a135a772f10f
3616,5b1d47f7e45ca6304009156882fcb6e4ebe55fbc
3574,d091bb00c0358e9f30006a064f3dbb671b99aeae
3564,2062d984abd3364557a6dcbd3300cfe3e4ecf156
3563,0d04b40d130a49cef0609ac95be48013528e97d9
3562,e69b49bd3d2df261316c1c5dbdd53b96d93d2f56
3554,cd8a3745047a4413387f1e8a6877fd35859e21be
3541,f991a898100359684111be1ddef7bb60ab6f0f9a
3529,3d61fc44280e5e77ced09e0eba9634ae5e5f4727
3530,ac9589ca7222cc7437f09e8d4660438a132f420a
3537,aad99260d9a21b8cf7b8b0c80d408dca7400c084
3544,bcf0a95216e530376648acd1265264386ae990d6
3543,80a597b7f94d28fd368f877c94ff51a116ca38c3
3536,c47c8c4389e837062af489879f7a1282c9ec3894
3524,29d33203d0325f006c75fc88359872bd68c8bdf5
3513,bac908ef35338e78422c5edc0456a22d04debfc3
3521,fd3fca2aa0567220e1c75c28f7b1ca7403966308
3517,37f582dbb131356810d26fb8129488276f765656
3456,a75315028cc7b8219f2ec28c7c7c7beb92c113c2
3460,71b74686341518c2d443b31a029641367710eb9b
3480,c12d9f8b490c56fcba7ad793249ab14441c544d6
3473,8973b58955df185c6502389a6e91b7b262a735d4
3492,b074a2eec95aefd252af9be120078cfa6854a2d9
3462,982663d0631e1cb3bf4e66d567dc83373a3046dd
3453,986871bf4eb85ae62124e71ed579b6baa0ddaeae
3437,28d09ae0fc518f2b3e9138f0fdfc2566459a52e3
3498,a3e4395a42574386a15ef6ca1afa83ff9787608f
3445,900fa2f795615683234cc7e7b050a1e131983689
3497,85db0135cb302e2e17936fb4cf62c9f90c94e342
3496,e7dc4139448e49bf31c65e7eefab2c47739bb87f
3479,de4be03b5d704240af5d27cf98c87a39f78570d4
3478,0a8be38058a2335c6ffa15b9c6be0562a70f9d35
3427,25a5d3031167566cef0fcf38b54afc6b7dcf6e86
3435,d49cfb35d4bb45e94d8c7c1920e7be99e4e10dde
3406,2659f0a5e62c9a97ef37dc2ded3ca8fda3c53c9f
3401,af5743f6bd2a62072657830d3585b98680e1c203
3425,0586188f22a8a6de4cd9d5e13e116aa1ef594201
3434,bfa9aceb03fb728acf90436e1bb47d32c0ea5a1c
3414,a250997f75cd540bcf268c2d451ab035611aaee2
3410,42942ec2910420ff6107b9da839c93d9c422109c
3408,1234eb0f9ff997932cfb79835e101df7e49babb1
3398,8f422d2b5efe685bf67852b8f06672a32c1f07e6
3395,7df10cd8e07f734bca875cda4b591f18e7b657cd
3369,200ce9bd39c70a7782ef8ace0338ad71dbdb175d
3391,4bceeccfffd09cd6d02489988444e25b07f32ae0
3381,9bdc42d300c63f82cf3aad872d606434fcb8cb97
3382,941bc9ff6019117c9aa341f809bef7e0e54d0ebf
3376,e0079490176f080a9a4e52d4edc67e370992d943
3344,4a8e75b10a50ae13e9b61763e680f3c9fd518ed3
3346,599f32c7a4012ae5988c2599344503cfddeb1a08
3375,e17c3423bd306b04d27b6a2e53c80f1ac2179054
3374,06507ed4e455dd8b94242d4477dce05b1d95c6c5
3349,12666af6b5474998907310b2f940aebdc3b5a362
3343,908a364996bc519c98b758a604802defc6ec16b5
3332,db061cf736b9b30f7bb7860060a91d565c9a5e16
3336,96726f6a04251bde39ec802080c9008060e0b5b9
3328,353d891561659a754ee92bb5e6576e82be58934a
3317,ca0acbaa5349046c44f8377efd0372eca9650748
3321,c074422cfdbcae3cef305631988288e13bbce2d1
3315,b7f6fae9b34341b9be7742b86f6caffe07fc6f25
3305,d0df619263c3264d11fbb8a11698a2b73a08722c
3308,7d0293d37cb63c555bd870e111869c3064a96e46
3299,d694eb443a6243e248df974e9cd64defb591bf38
3298,3fb368a44407aed7b5da88f6b35de9504ea8aac7
3292,1a6696da70923b2433b588ddcde90fd31ec296a6
3290,008d3388b9387245bc0df4887dab3671fd729646
3285,c07475935cdaec6dbb5ffe2df8bd5a4abafff99b
3284,6d0e79b33afe47525958dc23c1ebb2eea70f25fe
3282,6665c91e6fad7df5997c8f3ae2136049062c1b7f
3274,cf4923bf586c51365970ee11a33771104241cf60
3278,043443d2d3432d8c182f059cf2f30967eda73d1f
3281,5a04590e9c1f2aba03c2bd70a8b5fe1a18eecb56
3273,2675076cb77fb5d37f54aa05473157ae27be7c42
3272,6ed68f015a50ab35b84a8ea71b0f846ca6a75281
3270,31d3c7e71941c3a1800f5e31064c9862da473d86
3269,6cd92ebc323d7f3c8584f155c445696e8a2b057c
3266,185d7cbab279ef7c27b46694b4b6d93a8d6f0421
3104,2fa30f6a9e67e4515c85c6fe776783b058097498
3253,d5fea5fa1da0c56860e7023e4af3ba2eb0097dd7
3248,53f5fd234b8a7377c401ae88e2fb6c29812715d5
3260,f7f1d9de3daa84ba968fd53553dc8fdb277219a3
3261,46a67b6789ceb3ba814afdb72ed7770033858a73
3247,d4b688bd035b9704b3168b28fed39c8fcfe3b997
3246,3db469795996523cf834c07684b0eff540227aba
3245,ab8d60d826f2e07f70973c754134fd9508232b8a
3241,48d0e86313b479f97cec1a9869bdaf468c248666
3244,b61cbf8ab437574d4b041e49a214240b650eb1be
3242,13b689bba6119613a2a47e8a9c84e82e69f602c4
3243,6369537a49f55ba3c3e319b7d21b6c6a96e5d332
2759,a3272941ce76a212e9d8d55722a0b230b963411d
3240,6e995f23792c1cc1809292c770d02797d80622fb
3232,5e15850532be5521dac7082b155b15b83e1236e8
3237,cd4023d9d2ab630ce4f95856f065072ef8badb2b
3207,976dfedaa9efdb566333ea829b12751820268f67
3236,91e53da054c8e923ad6bf45cfb4c12de029de1b2
3233,524f9c32c7292d00818e17a714d062d1fb24f129
3239,94e057224ce9ff68c850dbe81fc1db5503b3656a
3235,52f9aa7ed6ceee6b416eab39a4f785d958245937
3234,14e9291380810d99152276c90ecb409b78504403
3225,2a97d4a706c329b15b9119101254de15c80410cc
3226,cd14adbc1e834b0accc3b593a77d60d3cadddc8b
3231,af1b2ea1d1fdb1f6e85b5fe69bb66ddd68c5e806
3230,1250775a5575d40b00d1212bde1df55a9b71df04
3229,240e398c8d2b46607f6e5c87b6e39eab50ad7796
3157,2c68f86336dc8729f58e8e19af0f49c269c1cfaa
3124,754b72957854e0b955fe973d169daa27a2f98ef1
2784,b83760675ded7124f8a7c2cc49fa8d7eea438233
3111,855d59b68b71db78165e4d4e2905c280450b6214
2898,2616d97f326504b494304fe744cdd5adfc9c6d91
2897,2308cba407884996047790bfb77f90ae17bdb2bc
3208,4fe81d7c62a4ecffd238a74783c054c4e5235fae
3213,fe41c6c8aee865ca494b91914f877319b07effd9
2939,d3e1fed7773d1a85a9e2b434c375822edb904619
2937,db8cb31f2b2c39c1b0800926969c16d44b28ea38
2928,d9fa28ba68809aec8df30c65d7ab1f8a5e0514c8
3069,05102f63b8dc5341d2d650da3aaa51b0b355f65d
3195,b0185a620522269acb9cbef01437acd01d2b551d
3182,dbd38404108f5c3c3cc31310a3eff24aa6b262c9
3185,7f98a28432f2059259a5b8e5088322fa8f42f829
3181,5a49b96d0e15f423ce8f2abc27a0ac280e69f726
3190,d0bfb065e5c2d00927ed192c4ea5d8a02b4e19d6
3179,aade460f1557aa0546ebf248a4f323140f30759f
3174,8ef56c8c6d0be4d4a9e844c723e70810a0be2fbc
3206,3dc84ec4609de0c08fd159ebe991453309952fa8
3169,f2c854060adf021347a6c4217fdb06a77a38bf58
3168,e2f4b53396f4676978f86492dae5d3952446df89
3154,ab3f92253388df031d2947a5a76c980cba7cb694
3166,55801b5653bd5c290b10731c80bc15456e261217
3204,814a7ea96f1f0aa124537cee98fed0955ebbf6c4
3203,d68abe99f69f051435bfac1c040b3a4cef058adb
3199,ded0f68c16d6eeb95abfca925e29bff70b026e10
3162,7f782ba84e18d327ff25d40dc7d5719c8a036258
3159,00ca5b7328fbc5b11594ad448343ba371142c43a
3142,8609b7d840b2430ade985465d87cd9e2f09d477a
3129,bbedd6454094bc26edbcc95bab1ed3d05b4085ea
3137,eadb99eb93aa21cae3ce907006e62818319fbff7
3118,4091013ee1e0c126b803a2d76a085609675dc60b
3196,b765e0db509eadd6d35093dafbc3b9814ba109d4
3172,4260b7c2d3a9bf1332e22d18125f5f6157f61b5b
3096,c88e4634a5fa4460f582a8e9315dc78da41543e8
3191,49a0464e3cda2f56d9721fe042054d71172cb132
3183,1dda032b00cb4f7a783e018a7c370ee88f15e797
3175,819368a52dc9eb0ba4e20195783f2807872dabad
3178,5e378b4f28af344702a65fcce85a7d8574674860
3173,a07c60af0a1eb0fd68fed4005788b5ff4ae69fc3
3170,12ab9f9c0d8445d5bf2e79707f9ede194a6c6d03
3155,c5c8bbc7f699de6b81ebd9893dc0a2289ae688dc
3150,42b67a1f95b9055735d28d51c07a70c7523a4f24
3113,5cb4b731671491941bd5d877f222bf5cee71869c
3103,86bf9dca72cd188813e26ef5dd972101ef8983cf
3101,c795adf684718142d52975264aa059af23316e0d
3082,0b5b4a66ef99c8b91569dd9b9b34911834689d3f
3077,74691fbe0192de1134c93e9821d5f8ef65405670
3071,33c89aab14e74b15c9a9caa7684c06fa96122de2
3068,d7a1b0157aae0e60983c51c6f255772be11d43f3
2986,ded7cbe4294dde22e553d6a8035f414f0ce72f50
2934,38a391815b4936e9357834bb4924e09fc4384e9a
2957,4f32c6d4e37cda7a5053aa4f1527b6c340433778
2825,232e5c81bc722c3ea87f15d0f95f8b52f064fc4c
2964,0f56c0cb04c4f63a1ed439cbb3fc49d8c83f8f65
3067,b2765893e6bd64787ab14b1d67eb7d29314f1bdf
2970,8dd8e9b2f32264f4aa2cb23a6781b7095b9ca842
2875,7474a9cb8b715ef96a37eedbbf143d39139bf382
2918,1e616696c00c72f01958b761173c8f29f09acc60
2854,914a033586becc94a4001a448107f02d547d81d7
2913,ff56126a452a8f128631fb1469201fcb32d69333
3066,1c92c02c4a9762be059e930eb4b5a51488fd4037
3065,a656025c3bbedb1d8092e553cc799bcde375db3a
3056,10d0ed68a342880ea355ba62e8d24efa664142cd
3054,717f9d33ca7c803abf781ad81d3854ddd7869900
3051,c9245609f4a2c23103bcb5cbfbc58ed78b76892e
3049,6606f66857f8230b0d47ab920ff5120052d46d26
3031,aef4159588be8bc245243c80e5032ccc79092f42
3044,446cea9221e4f6d368a02a90cd105db0f8c9c7c9
3019,7e65f1c5f13f7f721c64f551d0022f6907a35b40
3011,80f14e30a204a76520154a613998a926f920c0a4
2996,b78ebacca7500f625bf7ac48989073dc872a4418
3059,4d37acad21b3877f4881daa55b808b809a391e84
3063,15c079f500967543c033ddeb113febc1d84abc87
3064,1096e226ccbae8135085322fb006a01836a19dcb
3062,afb7e4ee5f6e9cb8a1a937458cb39ee312e172ae
3041,62621ba0fdbf55656adc260965594b3128f485e7
3021,f2dd7eff8e9a10bc316834ce400e857d0806a002
2917,d5665e4ba6cf4f7eabdc0be047952a27965a455f
2993,877da63462d9a7e270c295d898d689aacf155779
2976,dcc02d6e7d4bf486e64aa5b6e55a75501c2ba2e5
2994,ca23b7b40638c48a72e7be4ea5134984c399b502
2991,339419117fff06fa89124d04b1921b61b8865d80
2990,3bf80912cf959fe860528f75031fe9e4612e3848
2935,e08bcf9f9700180a09f77f52604ea6de36fb83a8
2969,7e714bd28b6e96d82b2848b48cf8ff48b517b09b
2966,f7e7f2ab11513d5f36c904b7f1192d69c4c95825
2963,0038a6796feaea05d9839520eb7f31f7f976fc47
2962,70b45094ab3d62b919a84f8fb8376e6614a98dd3
2914,9a2e6ead00f2e5a3a6fe5a3136951c7a038fe5ed
2916,393bd46085fbf308e8b4e182c43f3871df4ec191
2915,c92001d2fbaf4d5aa43bd44e56416ed27313377c
2912,19a0a7d7718277e63692c8e9d4c11248a5e30a50
2910,d493e3e083f7565f9b158b12445a994abe9a39cf
2877,21b0aa6dd8b471a72af942a84d58336e2dd68fcb
2892,b9b88b0cdf70190dee5c7d31a83efb1cae888a63
2872,7d9dcfa2948b259a14b3fce4f5814236d5395095
2861,345685c0143f030eda443d6c672ae1b705789027
2870,93e4b714a179c7132b505dfbcd835e7aab542a56
2850,06b189b6beaeaf393def92aaa5d6c5a18fe1feff
2848,0bb25eb3673904179e772f4b7376ecc7fbe4822f
2843,b6edad64aadd5cb0085f8979fffdfd90614b045f
2842,81c2a1e47565708f7af359503ff61f16558007ad
2839,f4b0f6448293593b1f43c5d570d8f6f7e10230a3
2837,827536e20ad2079f3f50db11aac03e037e98503e
2834,7627d9ce1351d66f53521fa4ea85076b7626738a
2828,0559f7c86bfe3a5b2895c949630799a72859ab01
2765,1a9caedb49ada290b00d0db0ec61e66d95807413
2827,b2ec6a33a235dbd9f57bd6265ec54cfb675243f7
2826,673e5af658cf029e82d87047dcb7ebee3d343d10
2795,9c0e110e233f67f1853a4ab8e0521ed4ff8afa9a
2811,b6a8f75c70a0aa72d907a37840213b84f3595f6c
2807,8080ead523740bbd79308c4524ec680d10db44eb
2806,79fc8e5c31cce79db0a2dbab9b9a3a46885cc450
2804,99c56eaafa05a34857623d5318c5bccbd634adff
2799,d22491a3fbf2c1926ebc3d6919e228ed903d0670
2793,54869a001702408cfbd3ad2054d3167e3271ef8e
2792,027aeecf26716bff4efcaa7b007e61f2c577a81a
2789,401d7f9bb2514eb45ff98b2ac7c04952f5eaa678
2786,cae037812b40e7df40fe6948a01cca8fa6fd7bfd
2774,03036533f021c83205be4ba5c826a33322dc4d78
2754,8c9df3f4eb593cd4755b882d8f412a13ad97429a
2764,72011908b530e53761694cfd60a7d4426d96143d
2752,ad09134c8e124d8e53171b2cf6bd75b8f2819188
2748,a6a6810d563949303bb820cdb83c63714bf98bcd
2747,0be95569bac33dc120c7e228f6fc846237cdad29
2746,73bf519dad9932b7d9d34206cdb5cc0218109c6c
2745,6b2127b1e0ef474aed91a25492e18a361ad7f364
2724,6f84cf4e4b4ab71d950db28d1b0776e07a8726e1
2739,4c8ec8f555af8aeba5a48c3c4cd9cc39c74dce8f
2738,27d56c1df5fc977e17806b466dc74dfa9a98689b
2727,5239458f28c5e3057f9987ceb2e6d33b9d9532d3
2737,d4fb9d564e4c0afe978e5953b58dfc6ce0fd08fb
2736,3666a584fd24dc14585648f215a82ce1e8b71baa
2729,32e813f728ca5d8ac662231d8fb1aceafcd85412
2733,ea316d232a00d6c66a48a13bf36bcb9885326a55
2721,0f3b9d731bf44396d283fd46ddcc70e467a3f0f7
2720,062745b23f7abaafb144e3d94b6fbdf8ccc456b9
2719,4df5f829142bb7a4c7a1e4115df35ecd44c54ad2
2717,0123e65787308afadce41d00f95a2b61755f3504
2711,324b4ea2559f42ca710061bcf6c85960a1f2d2a9
2707,e102e5cb3328e6a13aa8c1a1a492c54c4f6d7aba
2710,0ff3f722c1c22399d3c755090901fe0250ca9b50
2709,5fba092c22bee738ad2818d587d75ae17be882d1
2706,8f5168cb31a34c54c9a751cb386b8615e03fb148
2699,746b91dfced525651c9b71a3bd075a78d2b9262f
2695,b178e89e4456e777b1a7ac6d7199052d0dfdbbbe
2694,aab4c8c7452ba198c6096face53ac2b7cc6460b8
2693,d8bf589d4835ab03daee3101a91c80ee648e72b6
2691,465b48ed4e4af52493df1febe4687f53032a5e0a
2665,0cbe698958f81efe202e71ac07446b87ad694789
2662,8c0d8c1c147a2534c8ed60f7dc62080371126c18
2686,abba4b2a74634bc33a85cf5d512de473f0a3bfaf
2676,c3e2ff2afa223dbe9a780345af06a57b37bbb28f
2685,16d83d6bb413bec09a656a659b98d897e7abcc81
2668,47a00864c35f3266fa098744c65496bec601977b
2652,095d36a88473dce2974de38e697c5abe6fa33a36
2647,d72612d11e4f4e5d682c8986acb42ae5e8e97e4a
2646,cc6c618f4d8a0ba4bc648f5a6ec226df4f8b7529
2637,b0c1da1e7ee66084b429a413541e179299de31a2
2629,b16592aba0e9c60c9b3329c884bd9236a35168c0
2635,f808c20139649b747f604492bc33b61a7dd3e13a
2636,4a7db6647407de076daf31f1dd766388128f9a3d
2630,79f34f1769477d9909e4fe0830c48b04208c50fc
2624,4309c7c6ea51e5797604c43ba858e5ebe1fb1674
2622,f9c6f389ac71b1354a07925785ea4738bf5ba496
2611,8c2c802f19cf220d6e177414d315dcc6be6ac759
2610,94aaa2457927c59d4df2a616d24f640ee8454966
2609,72115ec84b06688132eba5c88dc9c4eb9c6edff4
2530,03a2996bb89a0f35f82beb389788539ceb58ba46
2603,83b5625f0c1842a7837bc3326319a64b02a45e44
2607,e21abd9da5fa755d3af96091ab3a181b7d6498b5
2606,8ff0cef6b9ecee2c0bc31774b33cb88632dc79db
2596,22708b048d224a5590fa28d86ca02bac52294f90
2593,c3a997864efc0dfa725f21248ba0fc21a9682faa
2592,2949306b7bc44e3f74e42e8277dfe13475b350eb
2591,f2cf4d04494cd9d57da6be05debc0967888dd927
2570,2433522d2967b8a5e46f16de587a8fac5088a47c
2583,60eecb547d8af9916c55163c7356999ca2d5ffb9
2582,22e072379b9fcffd229cdd239dd3ff5ed4eed571
2558,eebc0edfddba9687f82f4868f85714c0c7bb3d84
2581,40745bb338c45498ca19010175f341332ab2eefb
2580,26f413e1e55d3b57fa164114b39f6cf74669591a
2541,54f3d2131d2abd633288b4810eb95ba40b0a7956
2565,c2bac6de8c51b4ad687f04d5794ce9c6afdf38d8
2577,2bec58fd6e8c26b6484bf7d5b89814744ae5cfcf
2559,eab030f9f5f8f488362fd359a82e000991a1e7d5
2536,a43a439c7a839edc8c5ac7062acb694eceb99e55
2555,05e3840cc2a3ac6233edacc75fb38ff866d6bcbd
2556,b786585b8f5302d707a66fd306f0c79946b408f0
2554,27a7171d42c878d5d9094c0117466e862ff91000
2553,db56e3866685bdd43ac57e5bade696dba56ee707
2552,4c9bf6e4b512fe6090e04ad1c690ec2652b36f0b
2548,4556ab2e06c73920ca3e748bbbb5505ea9f6deea
2529,2ef2000a39541d8424f3163ef5feeabacc81e681
2525,d24bb9ee32357ac9cd122932ede32ca486431f0e
2515,3a2f396265aa052892a0f432b058b65588d331b8
2500,470112dd6e708a18eb4ec1daa10c4ea276620dbf
2504,a35fc3cd6bad4ba8891af75fb9a1661f979cbb0a
2502,e3c853e60401bccf1564bee19dda7a3b41602ff9
2492,9291ead32e2fc8b13cef825186c968944e9ff344
2491,82e66848e8ab44d58e483b6b92eea5f04627c422
2490,0932d8f428ae6c7cb6615a6a146e417eb182ec4d
2450,8020d5eac9e4bb0e40a47b82ca95713ee78fc73c
2467,0a1090890f8425a69e5b004aceb04fd7527b8e35
2475,7e4e6eced3b0d3e48261f85e365108b82ee77610
2470,f071562ec007b629d5cdc1374f8df45b74acbb7c
2454,154c62123737a6ff047a2b4b8e3b58f75f9dfc95
2446,ad7ed87f5ea9484a15b9c6e1c3907584dfa91115
2442,7d4703e98ab64fa29f6ca50b72ca5a4548121bb8
2445,330792e10b6d05788700f269f7da339bec1bfda9
2436,c74f46979a8b8358437bd7f76e478d04248a9c72
2430,85fa8aabf5a7bd0adf204f0c2dacbba1fa6683de
2416,851eaa4db7cef513dae35286d816867d68a72049
2419,8e2ef5bde3a00603cca02e3fef8ffbdb665f5fbe
2414,77b98a2762b358b1e90c350a33971a91f8a9375d
2412,59f7966e3192bcf478a213ba0aa9cd3bda7da4e4
2409,817903c9c1f4c5c6e063edc971ccc75c5c94af49
2403,5909e26fba86351063bd622cedf6a4c25eba2e79
2399,d13e41ddefb89d42fda61caf5921dc60b66403e1
2398,641fdeaf989c31125289390fe62601b879d1fae1
2397,cce6e7dccc73c0bd86ab0c978a033bf85daa0845
2396,1172728a683e0241400d991df672818ed9b2eb0c
2395,bce8ec75ebde8a7f49fbc3a9825e667d7327c64d
2394,4c564779d159acadacc078988f7a40a3e5794eed
2393,c5d3f806d761432e87398d3ecab2f042a3ab617e
2381,45c8fb3f3fea9cc2599438e751906f509e19f0e2
2378,29c055a2b4327d94c5aaf66ae00514199ff146cc
2374,d625d411047f335bb8586be3064c7c735ccb0cda
2373,1e112cccaa94dd47e43f9466d859730c412aff1a
2372,d75d83defdbcc2e498f816b5cd20dcc24a1b7138
2371,2c97ed985eaef9663bc72b1bc6b6d35c7d69e60d
2370,e97f6e22e6edbe35d0826766aa0995ffec9b4d77
2369,75c4ea24c2debbb4ea797389e0eee4a38ecc8ac4
2366,094b116c7fafd7716de2a4b729b756868f4db3ab
2364,9d829934226a34c866ef56e6dacc15c423dd02cd
2363,45946028e77ed68d64869f565b688aff0914638c
2362,b80cf057fc2b41a5f642c222dbcb79ce28d3fe0e
2361,706e67ed9e28b676f99d896c5c93f3f9cd74370b
2359,f29fa0d56b1e971ed9ac303806d7da153f6d6fa9
2358,63129e8426ba0ab71a3500172ca04fb41ca67daa
2354,3b678b7927e38af1f50cfaa60e1c2fdeaf391325
2353,49f3e96844b5dfb6459412aa68e3f25ab3a65514
2352,62406e667c8004cf0367a3ec5bcbed980cbc32bb
2350,c7f433c49bcd752a057020ba58672b6e441eec21
2348,9049755e3fac192d5c0cca5092a74a67e562cdc6
2347,fb90c310b9c9099118c06a95183e38157727fa92
2346,b7eca826aa94d87b85a998916f1ccc0d3b4591c6
2344,57974165444d551d281ae25171d4ec5e571c5ca7
2343,90389140cc192113a0c08c54a2de22a41a397702
2342,aeb82a404f2926613f83070e039de34cc5842b52
2341,4f689c41d9d5aa1161b185de9bd7fb6d85b6cc25
2340,135f85a19137371cf4870dab1710618b61fe9183
2338,a4869eb4d2bcb25e6cc5c2e285601abfddea7f4c
2326,7c0b36f1467d2d8ea5fdc572d5edfce476a6eb89
2228,a63a4cb034955f5d9c4b14f87a5337d94ba472a1
2326,090109b63772669f838d4786ce9a2483e75478c0
1887,63ddf2d47997299002cda290821909c02ca80675
1621,c72e7c7c70f1553295022c70d5058ed11932c16a
2309,3acec5f801864e8a6fbac759e45569950dec719d
2080,4eca29f68bba819494e91270ef27f9c2f4b57bb2
2322,cb94f4c5d3d4e1797207fd03d20d06c7bc0d05b4
2334,a4ae7f4d3c1071ab91f0f49fc7b6558c47929e33
2332,c5be20b53ca577be5569b1a327e88991f2ea69a0
2333,9f61ed99da17c3553307ebc8c8477372b8ce6622
2317,e7cd68ba58b78309a342fbce68f6ef1edef3e5e5
2325,4ec1fbc9f52b4b3997a1978ab3390a5a1157ad6a
2330,50c6df709800ac7504b71209564c8ce5b746d2b8
2331,471c7f3220f45f60a56515f9c1dc55c794b6ff36
2324,c62b614d9cbe813d7803c8ecfea2b7bf5a6eaab9
2323,849fc4b90c009d9bbbb604b2997d18340fb7ec2d
2321,89aaac7fe00f1d8fb2f326310bf813430fe0d3bb
2319,39f7aaa41678bbd110365a55453dd5e395655bb8
2320,701faf0724d8aa18d7ed2907b63c143725dd3e7d
2315,898c8621b175ade4c623ec61d04f24e02c05e0e6
2306,5b0b9717da958fd6325c675d92be4f6667796112
2318,81c2440a054a0aa9110ec1d5aa0955055c08050e
2316,ce813ae5214acc91b1686e09559bb3fdc28a74e9
2311,a037762781929a9a658250f3247bfd131d634b0e
2314,e2067649551033c74e7937b89af9a9874a96d279
2307,cd593bf117b7747c5c5b5aec8476315f9b2fbbdb
2305,54a18a5e94116342b2f16a8d558cce366b644a64
2303,c8e56d58077d29e2c9478f133b3c69ba73deead5
2310,11d2eec3acb7d0cf291b572e3b6b493df5fadc6b
2286,378a11f99275a6b80d365a5d51d469844bf9ca17
2302,65b61aa7c202bb26df53e2cb271269fddd95aeee
2301,5b96e00972b2799728470ef9a3b49a99dff22cda
2286,4e9d51b39b674b5c1c00081c1b457ff03ba6e76c
2286,65fc888172fbff89a8354e8926a69b4515766389
2297,0c949089566cfec9b0435ba6ada601acef8f09fa
2299,a693f22a5af210a752ab4b2b73b6568c9706a824
2300,99208f1512c4198b67dae0aa7a31708765edc3ee
2298,e706b5e5448b837f34d11107e9f9295f0e5a9780
2295,a0e38a8cf12ea2f7ea99f17c6568afdc1e634b72
2296,88b0213357d5ced865d5bfc4d54e9b14f2bbe146
2293,f962720f7a835df086a11a1ba910e3210675b9b8
2261,c590e820aadb9134a7fb19fe32c8ddae37199ec3
2288,b11f7354d17ae4d7d11bc1b204cac98573f48965
2284,f0a6dcfbb8cc526f19aa4e672d3b106c65cb18ca
2055,88120e9e9db38b6ccf851348542d5cd88e249881
2282,ff361d32a9154531e1796c2e000e23f9d66ddcca
2279,716edfdb2921222eebf64176d416c761d21aed1d
1965,0420cb21db7f2ca184facf5c34d0a317207319cf
2277,c01ddc59b72658ec4efdce0f54c1df3f13dd03d7
2278,9dd0a0a29f3e384043369a4e902d2a55e311795f
2213,5b83f11398c8d0f8f4158af05d187fc03508f01a
2276,9b734d1436ebcfb4a1a3973221b94693f9e8c1cf
2210,d2a0b2911b9a32fb845d2ed174b677bd5833f917
1942,17685da8c069a1698b893cb6f5e41957f77894d2
2271,255375d72ce4f0eebb2ccdb7d10591c9abbf6d09
2077,7bd54e9bd61dc6d02237fd5d473fa92030a1ff33
2259,39d55525ac8f674b40be5d1d3160b9fd33ce501a
2258,71b7c4f5f89ea5e95dc7881797ca7d3a06b97e2f
2256,970a8009f1842d6be8c04f3adea3c2ec97d7eff5
1898,74b3f7e04cf51df313aac47175b752663ab0ed44
2254,8d515a644f4d1a508e5de85d1ab991194fc6394a
2191,f22da31e7ff7f5ee30916b25c36087bdfc2ebbc1
2252,9b892e2225bb88ab24f839719ba50575e1ce4de0
2249,9569e8c9562fd6695d5ec83a5e33fa608d5d7166
2017,f4a1ca8fc87bd28ad75502a78005226899e08a2a
2248,7481844c98e4536ae01764aa08eec681c493ef2e
1886,f0c714a01bbba070dc0c7e034a2d174b2e904d16
2117,5b9b180191016044b95896924c7df55cbff7db93
2242,7005c2d5343a4f8025b70e0a1eea9c01f1d229b0
2238,78cb96fde0ffb9d6ce67b8f5c850c7a60cab86b3
2237,e13eaeeaf2a3502815bcf04a86227dae87ad9128
2223,aafb80c527eb5d6d361d7ba08258376d13679820
2223,8b45009dbc22508ca6d9dc06e79ab23914ed14bb
1560,00d6e339ec789e7b92007297e840a671a5e38a7b
2234,ec18fe94775aaa3d54238c6c75b569491803134e
2231,d04d36842b6c0c9430dfb3d1129e5cfa5e8bac3d
2230,ae1ac2053bcf0c77de32fc7915e36f8ca2f5c961
2222,c935eaceafebaf167f6422fdbd0de3b6bbb96bdf
2222,1d4448abe335741c61b3c8c5f99e1607a13f7e3d
2217,19d7e6532f9187ba8a81b2d2ad9afe03e5e5500a
2212,889c0ed1964f48557e532f95f9003c5ee6e2b727
1714,2995366dde63b8acd1f246bcd5a4cf7d61f0c1fa
2209,6efea346dd54fa9adb65fc044d72e5ec8bdf4018
2208,5b7fd9ad889e54d4d694d310b559c921d7df75cf
2204,1add1f8a02976e070660d9ae0b877bc3f8a36e86
2202,7a5e8ef38e0f4f110b7739253308a3356b13b0de
2193,a7f1a21c1204828388eaed1e3903a74c904c8147
2201,f5adb61b28f240effbba5a4686647c2af6e85b94
2199,06112a555a9398701d3269253355c214791e1eca
2196,c43560777a3efeaeaf0eb47568171f04103dc363
2141,fca5577a0097e876e8f8e8d2f3961a40fa44bbeb
2186,dc5f48f587a93d1f921d9d7e06fa05fdea6151d9
2180,bb0e755c808a8541192982ba7b86308b68ff7657
2179,5efb1632371048dcb5cd622b6d597c6b69b901b5
2173,95db82f8f7df0acce7051a8dedf29b88e436f5ab
2175,9e2807da76d756ca84b55213e799a124beb6a3fe
2152,1636a4c410a1bf3713bc1da8d4de7ca66cdf1681
2154,fe7910ccd59242af106fcc67cfd47e6e2355787d
2155,3fc8be5a4e9c1db58dcc74d3d48bf70b6a8db932
2131,47e84101173d00f70a7f28547aa0ae2fcd80086e
2151,9900a72fe7992d873915af68f7d52148e738d032
2149,6c9ff85c3f3c98ea85da5f789c092ad7926af0b5
2148,22c613b8c44b74f4756f1eceeedde99b31144a47
2138,09973a7387d6239bae310af6c1d580f191b47c0a
2135,49386ee69e92aa23edefbfff01fd425c5fbe33d1
2126,079d752ceca6ea28d953198d643c2cdd1f895531
2123,789715adb9949f58b7b0272bed1a58d7cd0fad30
2089,36425d5f91b57210f7707de9564377fea93825b2
2093,0e79aba40d2497218736448ced708fcf4f8943b3
2119,7f288371674b420ac2df8ff2313e3b469662ee41
2120,0ba1a872b7aac48efef9028e7687475da34eaa39
2116,ccb562854efad180bcbd37f126757d493ed68ff3
2088,7fca843b5f361e79534bd18c4cd20f3f44094337
2085,4cf4229355459ecb47b0f862302848ce92a5bbbc
2081,281c9c3ff9f4a49960c07b23cad4554a5c349272
2073,2647fc7112ed79c1751a3d99491d7dcfe0aa4520
2075,ec9717502f36126b8a371b73a5730b2092948ca2
2074,bbe58a4944d67087b5cf59b54aa31a8834055187
2061,9685d14eaa78de991e80db41e839fe5e932ee95f
2067,77af942b982a3b07669362cc6bc223026bf039cd
2024,11809bf1d2f8536a9a50942ddc2bd2b64b595199
2072,de1652467b0584fe9ee4060bc42101e8255838a3
2071,6478d7bb99ef7dcdda19ce3e58c00500ff72e60b
2070,cb30a3b5628616c6d34c210eb429650f09c75334
2068,fa087c89298e0c91abff45b3ee7033889d2dd5d7
2057,d25c801a3b95551fd03eae82f916f92460cc2b34
2047,bd5e297aa9697f42a61682fe56f10eeb650e8540
2051,cd13a5cf6215914ba4c3e0963d2189fe19fed508
2046,49ecc88d9949bed6297944cb4a3d115fa9727aab
2031,7186a5aaf571e1d08a617138867998cbea518522
2039,f3d661de6676125bc765e286c5dd89e3e10ad82d
2038,a6a36ec72a1f65514e137b0f21708e8c61dbe4ba
2028,dbeed240674ed7a7160ae82a603eaa930dd1fd00
2026,09fec941f4a1a69d6e1ad793a6a9c0e3df17d8d1
2019,a40489e0ce89acef2a49b70a571143ef479ca235
2022,3bd12b38a80362f6656b834ec04c95f1ba4d83e0
1980,59104db2f2f0a507aea2625230e446361e2fc174
2013,9e41eca7f839db16cdf064f827fada0cabf6f54f
2015,c54c538c1148c07df808acf701776f6db180302f
2014,c687ffb1921ce755eb32e105c4f689c0cb4afd81
2002,e6f9d2b41417b442946acfede9200d361ac401cc
2006,dbcd64e2ee4c21775a8b06b467e2d2aeae76c9d4
2006,c4ec6954e57b1ab3cb5a0d178e6030f8bab6c149
2004,ccd02bfe8c90ee8dbf30cc2be61a7d483ff24cab
2003,92ce20eeacf5de24803abaf70a3658806fa4d74f
2001,96b6345c1a187e3ae78e0e4faa4a1afc1a8cc69f
2000,b42e43e3b622af1b8c04a8298e26817343f5e4a1
1998,6e6c3a4636387892e3725f1ba13457966c188b87
434,3d856e03fcfb20167f24fb5a849d075e3a83126a
1996,78a71a48dcb71cb930d747d9facef0dfa5a8f022
1988,71e10be28665eee6a919045f9e5d8773508dc756
1954,5f009374fd28aba381f375391b70ac131926bd9d
1884,9121e109bdcd8b2a50bf53cac73b470232d126df
1973,55bd39c7f05e0845121028e143339f1092cbc9bb
1987,5044f3d6101e5915963a497779b6ad1166a7a388
1950,0f1cf50f97a617114078be3dbae3152339ff13ad
1976,e6d7a43ccd8e13ba5e4e3f7c1e95e90de6500b52
1967,9359e9f911fd7246a2114d506c8d806090602f63
1951,c54d67adee6f99113f525b376da4af27c3001321
1956,80b9453bdd9a5e9af9c4d46615b93f4df618e94b
1902,17d4cb3828b9520be6c4e64e6b7548a561aa6e7a
1882,f19d3bd67e0d8213013cf06f47d951c8735515c8
1920,b7a0cc61c54dbfebf8c3b21634ec9e37596b1e9a
1932,67e391921c50f02190be8407d4a02efe8d2d28f6
1928,0e4607000d1e4a33a06c98578ec06226a43cdc56
1917,d8c39f4b3753c0ebc93177661c43bfe35d7c019c
1918,663d786f6888bbd308528284b6a26d433ef314ee
1917,146cba53e7be1d433ecae9999ae662b48921e520
981,9f2b3d815ec39279bfb838221580a36378a0de20
1911,b8aca21a392c367522eedb93f248f68005c84908
1573,c0087204e5b83ad4e3983d07b66d17acdde0b9de
1912,c80ea941d06b0899b8ecdce6179e5b5259e1c5ac
1881,4f83f705e7a5f35381841148caf04b2829873faf
1892,6a3a209f41c4dc561ca2d96765cdcf0edda97425
1890,3384813151e18ea7903a31f22bff1ea65dcb6bee
1578,00c200eeaa6af7c5c25c37471ab0313ae26651b4
313,434c19933eb445907d73b9bb9e4973d546f5ee52
1889,64a37bb9b758630c0f2c649d82e10e849c095d48
1730,9f9e1fde8fc91b64a0cf99bf0debaae5806a2644
1843,9c236d3b84332aef0c834266a0e3d2171fe5a7bd
1883,bbd6c8c791ffa0f9f30f31d17e47e8fe8e587526
1876,e048aa4e19d689104733783a19560a6a485a473c
1872,2bde2065e646a67665cb4eaac3219e78524e29ad
1872,fe5f714026b68b1416c3d3985bce5063901c320f
1869,f034d2e271403c7b3b8a1c2728b2320ed157a037
1868,ae97ca855361dc47b45f85371d557419c0e764dc
1878,3d72099dcd8dfdf127c23e7104c19bd70ea18f82
1854,fa327fd4fadcca746b466dfd8dbd166a50d8efad
1875,62aaee02f754c74e0a051097c869cdabb0f0a09d
1860,047efac537abad9e3880f545d8b767f6e6be3786
1870,d88c08e56f7398206596129036b8f101be11cba0
1865,024fbe5a6076d0f3f793cd4a66d0b50decdb2a1a
1862,a228a3b2cfbc53d428f6cecade8b5b0fec576f03
221,63b5dab0fc889f490b9fee803ae67efa3df28a09
1861,808d2cf75e7127618340149c5b0f1a9b608b617e
1858,4102be4060ad468c46add85747a22cf597fedf95
1853,2644d69486038c03901dc860329375cc40fb64a1
1855,d80fabd9f633fc0ef2955a127cc980ac9b0cc8fd
1773,14e4207397adeb09a14831bd01c21508c9ef4840
1851,5cf261a2876cd311c7abe17c14da733a48a4343d
1846,390cd5e4eec8340d74e8b72b2d51a5a3eeef3842
1848,19b134002cdd6be9f3543a7b6d18b4c05fa44fe9
1835,fd1a355899691215bda059f410256e6fff470955
1840,e4c712ffd2682f963906e1d0d27e67b7f83d95ce
1830,a72583652329da810fc2a04e8541a0e2efd47ee1
1833,9c469698904e41a9e006ff7b96e48557a4f3c418
1831,ba07f5bd81f66a40333cc619d0a8a7b3c17ec49f
1827,70de011d5102bea6b97010643cf36698f94f97fb
1823,e83d608d7d34c7fe8b98d468eb5d2c579ca3b7bf
1822,8d7e7aab31f0e3cf4d009376b6d210ae1a27785b
1821,c73cf0f82ef011ac4dbaf00ce4e8318fb9fb53dc
1813,b13e83a2f228625b66c04003a1df7f8e7fb4176d
1814,87787b130b28b97848e57b2c838e92186755cd21
1818,92f63a1c1d483c1a1636efb20cadb1c2932b33ff
1811,bdbca923ef26424f605b4c744131512a5edb0f1e
1812,c810fae9e835ad446e7e9d61c12bbf2f6b597109
1806,88500f5cc709e2e931e6547ed9b58033a50215a8
1801,8011e1de28c82e5ab5c9727d10bcba997e8254ce
1795,e8bd2c92029455abfcbbd3e10b161f9da0d269be
1798,e45e17c490add1377cb169bd66e80979d72d5875
1781,de25e98f917ae441d186e8a722a0f40a6c7458f2
1728,2bf477cfeafd87c69b88e1ec58b5eb67abf756e2
1777,740c42217cb349ab4f03ecba37973ec0c9bed421
1771,90181dd8b50ce5faf021a50de3ed829fc1af03af
1577,6bf42f9a845b7e54a39846f5410c9e3f6c80ba18
1631,0030f637c5efe5ebfba35b95f1ce592641d0f969
1763,bd667109c650c83cc3d5c50de509567ca8472fd3
1484,7f26d45b16d3fa3593360ea9dc0243cc0dbcb6bd
1760,da0ebb9b7822017ca125c865bb9f321ed4d78801
1759,3d7857344a7e61e6f6aa1acdfdbe44d3830883ee
1758,89086c5f7e89b63a6cc92681039bd9745e54c60e
1755,c9b29f4072b66be4c751af060d64ea749c6991c1
1733,4542bac4d43efbd2422a52714f96c0dedd08e2b4
1750,bdadd979944627b271eb41dc958ed1eb1c185b0c
1748,1a7fd980f8579bd7d7d53c812a77c1dc64be52ba
1743,d45445ed00f5d1839f19f66207ca276ebdc034c6
1456,e7d548595e8f2f03fb58c827bef8abae2f84aa59
1723,2094e8f28e41b525bae89fffaf4073e7f6c017a6
1721,f63cd722976e1514cf0c0eb4b79180e3c9bc43a1
1716,d5308bb80c47a645dfcc06588bf173b5c3a3887f
1715,22270d0f7d4c794f6959d92fdb1b1e6ffd48fc46
1588,e7367c9bbf7187d1e3650093fd4aaf96d879a331
1581,08f843fa75f2059a6d3fcf9784dc49d49cb52927
1688,b4240e6bbdfdb7745ce03532618b0fecc311cfeb
1703,7df543d5dc48c9a653403b1be2c8e83ba0f6c7f7
1679,7b1ebfbc4d517c2b9de2e4e4ddabffaead1190df
1669,f267191cd81d67de3633b2d5bd4d9bfe4f44e0dd
1671,431db2874b242316051963d9bc4d5653b3647acc
1666,f17e6061fcffdc290f615d3fdc9d949e9e719574
1661,c1c205bcd39ee417ed028c967819a45d08d604fc
1651,9f4cbb9af4ab26f0fed6358a9219466f3c1c82e3
1648,dc07e26a8f99c43c840e5c50357f55320022003f
1637,ec07d7086ababb5d347f785cbbb25b2001260304
1630,b3b5a98fd09f4c02828765a5968825ab4f11556a
1629,a68a25cb1f23dbeb471a7bc26478126116597463
1624,bd4020d9de90eff06ea5febba987d2564eed0ccb
1558,751fe451df7d0e03754a02a52e4b59152b37891a
1616,7d6e1185729eea3dfc93783b5ff7937c22b388d1
1610,915d34444b2a1be982940e6f3c91576adc8aa57f
1608,8789c94d8273a22d4dce114e06a2f6ee1f9b980c
1607,5c73a8b4adbaae76ba9998997fd3fc6e6d44a37d
1592,fa32222b09cb85c0a1bd4c864689ea5d3319a354
1565,233886dda2f69e381cd6c49a16de2d816824b90d
1593,84a12afd4dff0c58aceb34c7fc93e3eedbe5005f
1594,3f6e8c6ad586caf6a60bc73ebd52838a73074ef1
1539,7f3867491570746a4c14bdaa5bd59ec1b64cbfea
1520,ac12e362c4b7fd765b0f6ee6d1699d027ee9bffb
1535,b528b2ffe30e72a4dc19a54ba080d33278b8b6ba
1533,765f851a7c880fc654eada6aefb4ce7aa5b14525
1534,97c0b26cc0dc9f8dcbeba83131c59b90440b6134
1532,671c1ee0022ebc561a86e7c18ba97b2b81c24ead
1530,92a293046b80b4d6cf4430fb72b76b8a8f92b149
1509,37474871dc66ddd94f970740f773d9ffb6c0f4e2
1510,595fb7e1fac3eea207816a700565f6a549e160d3
1502,cb9f64508148453dcfa4deaeb4ea95518f58cee0
1499,9ddd3e9084b9909fccdb42c55f637dc8b671beb7
1477,554c5b965a8b9d702897e5da926312cac22fa86e
1496,cc6bf7c18ac14397e5ee35493b3788536a85e3cd
1491,3e07b9c287b7c1432b547188cacc00543c2bdd40
1286,805692108ae973281d793250ca883cc1412ab08d
1195,66b4ea91b4f59c40b36ee2c5a5ccd1218387a891
1218,063a8da4f8b9237f425ade907ce97339eff52f56
1483,5c68b24f645131993c2f474ee2e91b8845edb974
1422,1e857bfa7111c6f74c79d9a93c3ff7da5d719c92
1480,5ebf1e824da1a35c8f45a8c39591a6ddd3f70b36
1463,6e77cd709e16f7d1d654f67a5fc82e54bceae432
1461,1e15e17a666a082d4f5534588d964ac5ab99c254
1455,3fe68c221a41e8b86107281d869eac435e2a4154
1453,f0926d7b18ff4ea0ab331b0eb4ed22b2cb68771f
1450,61f12d6a8d113ec1c20bfa518efc78dd5b4d564a
1448,73c833568d33c3a270434b590cfe7355a757ee3a
1441,e99fec26ab1e8b11d93a84ed0b74c3406b01494d
1431,aaebe9fe252454a319de1f0e583d0e5a8635e399
1291,aed464b92bbd9bddba2684304c141b9d65b7d01e
1429,06f2be3ae48e6a49f9e4528fc187dab0af0ac9a3
1418,dac45f6c5d2dc69a59561dc70579cc16a980bd21
1380,b57a076fa30f0d82c2db07c781b8be9abda6ca25
1414,b0757372453f4377a93cb7c4a09b754157a3bec7
1413,76c518dae7b41f6fc08b559e5a3ac1b628844005
1378,86e8267eb90bdd2adafde00dc761e96807e80fb2
1393,f0de0a60575363fbc8c484d204a55e02cb3559a8
1389,ecb8f81760db351957bd413181a86b375ec347b6
1376,ec5811d0a15dc5ca2c5f231ac6aa79f9a107776e
1368,12cd14a0757168e9ef53649e4c331c08a23b37a4
1364,8c4842cf1fc82bc68ff65a2bdd506b46fb4c0fcf
1325,7ae1c5a8b928f29477796c24bf62e737cd577bcc
1354,c282ab1ce2c93226ed8f1d44b565beb93391312f
1360,5164be092a7e9ece7e5e23089458f568be7b9eea
1358,3740ae492fa4a953abb86fefd025fe12f33fea92
1342,1dcad60051d5f8ce833b7ab6a37529c6c4a96d96
1135,0cf5881312a2256607cebe36938405a6fe5a820e
1349,4082fe65f3ea553ef954b1cab0202259809e27e0
1346,6521c36c681500d94ff3b624b6c633be98844adc
1343,f0b4b99930595f164c42f53ad9968071ad99c220
1135,9d64ff420fdde3c6eaa6d573d41da3b2f587422c
1341,eb2a4521ff838ceb291f6f30f41ea70e3f552032
1338,5fa76f6800fb81a621b63c42725c5502e2520302
1338,6e6a3e8cfb5c8c6b6bcddeb0a045a8441a35ad0a
1335,d734baf176aa0a68c0b483741c286d8374138580
1332,4dc3c16c3d52250c2a3dae9b7a86cbaaa6559945
1318,e3ba459abb026c536e60a3ba2dec3e30b53003f6
1315,dfeabb7089e989040d0169df4c7df6892e45422d
1313,b68dc78d09fa9477189b451998bcfdd66eb0d536
1303,5b9826615267fd75a954db40c1decc2a9dc40a99
1299,4fde65eb7a9cb2495c2ffd0eb86a3c3cbba98628
1298,bd2c8b631fcdfc63adcefe0d6cc41fb6c9c21976
1297,df256f04c26aa2a8ee7a1bd239332a956270f5b5
1288,3f46f4f77afa44c9c17089224d9608d25512d417
1290,45e901fbf828addfcd0984edfa495d99d7155d9d
1288,98b155c65da62077dc5f277a3ec15d3af78333af
1292,b292013cd90b55ea321d00603e91555bbc10b64d
1285,413ae6137e9de669056a645d14e9c8916e4c94d4
1280,b7dfa6c363aec171bdca04ce0f49ac5f2a0ac35c
1277,82d7c49d005f419b2f7b5e70fd34a42fb18a1a7e
1273,41b5d77e29e6158f7a67e9f9872efb323f1be18f
1262,eca53063862fd487dbce6e36fc42fae80f1494c3
1264,86525d9b374efd00a97a9c3e9586425a356a6bcc
1269,3bf9c2e097129d9f398f84aa4bc6384b2b3c1219
1263,924763afd14b05ece440c9563f87e70e5f969b48
1247,b24438b2c9df81db294d3c15681f7faf9a135970
1245,eea93424142ede248d9febee6be11b37faf9fbb1
1244,13bd8586e997bccc7d106006aaf82eca0c4c6d6d
1242,e9160473093ce7b2a4e867de414a90a9094943fc
1240,6fcc2ae3f4536e4d2651c1a00abe2306212a5bfd
1237,2ab91446f608755affba035650c1dd74b825a018
1235,70a33ed49bdc47cdb8e3af923ae315d63f406f0c
1234,54def6265767f1ab134c75b18bd7c7a67a176a1d
1222,a1b273658da6b8ec1d8106d30dfc05e1c9542406
1225,84efebd6be3809388160e8654d0fccc9ce0b2395
1213,fe2d75e1f41efb49472d625ec7c366e7c242a2c2
1217,7b3e52b06f98c1c665c5dfb8fa8d6e6a8fde4c8e
1206,6b3fbb323ad9b442e11f1c8f668e8f494ae94670
1206,46918d3cebceb611e21bec3b13412f3d18b6509f
1208,fa610a24ec326bbca01d6453548a1129178273ae
619,97dc6877931d7c72f0740f4634d6a3be9658d036
1196,d76ca43a583cddec91e8cdd32a8210e6bfb1bd05
1191,a18dedc5d3f6e6035d5e460ec4b203331368ab21
1192,60fcc05c4705ccafa80fb997dd4e908e56894030
1186,a25ee7e060ba449f36daa1ba903ddd116b6422e3
1187,11fa387748314193e87c863c181f32c19dc3139a
1183,2401e21efd226d3be05b77b8506d6443d574de8a
1164,67bee6153396954d7c17d3a90dfd132bba157c36
1185,7550f43545303882b9fd2bbf8cb8f288a7a61f2c
1181,4f5d3eab067f8821b2a69bfaa9be5ab1b04669b7
1175,80283d6c590a5e54ee877813f33fb7bf3e02123d
1165,bb94a612fddc66f8af8553b5ca5197b3a529b6e3
1172,773ad9b92d447102b92492f64d7ba0e708746f83
1163,670d2a4d5082ec3fb80b7bf392765315e472d65e
1162,0f8f6b5130419159709a976d66b133e4e298e17c
1161,96d7cc933ae19133ac3cab535b0ea83c6dfecce4
1160,462bc6c2e5972cd4a91a12a93478b8c7c0739a5f
1158,c2ed8d61c343653664d3657dd407668115acee61
1156,7d57c29f7afa7712d4af195bef3cbb5dd083123d
1150,01450efc25277e8832d1a00916af009db8a07dcf
1144,60260eb0f0954ceddad559161445848214a50ec5
1138,1d55b8983efdc840b83ae6ccc4e496165010c8d1
1134,3c48bf893590fe87445a735584591201c3085e35
1099,f6618c76381c38f7e692500c4e3e0dc7fe56e02d
1100,a51a167937e1985314027ea8ee3e68431e16a2a8
1112,c048aed65abdbf51955367b95242a53f0219853b
1117,02f0c755a36c382f210d6654b84316745ad2af00
1122,221aaa56c9cfc968d51f6e4b1efdefe2276870ef
1132,8d3ee017c58ded9e994a7d97c58bcc5d6a2a6e68
1105,577581665ce745898c29ca502e0a3aba1f16677e
1110,cc98ba9092f66468aa9a82c4d9af05c13a397e52
1096,0ce47a365f4618f19b5b5c59c33f70c4f69157c0
1097,6f990f67ed76b13f080c37d037ab1d448eadf7cc
1086,9fb52d5e02b4936df89ce6803f22a53045156ada
1088,8efbae917b9265fe12b07187c3923d7003600346
1090,b0f594efc9c6ae692b9b4732d40006b1d3c69d23
1077,3fc10bd240121fc9047e6384d549d4aadc5df2b9
1079,7cfe833a50524e629542a82c8cd35b84cb1f9e9c
1075,76456dc3b29ee816fac2bf937d973cb978336ed1
1062,16a7dd06aade99d478eb183e89ede87d4b55a3f7
1064,1eede1de1fd8844430a4df90756e92883ed7103d
1066,39bfb544179140cf58f33fadd78a7ef3be659187
1057,da1c1f0d7f8e2df19eb320b176021511b7d05b76
1058,61c51636797f3b320345cd90289fa8cabacc4482
1051,367a168d867d9b1b36485c98d9c6e5ade1d85686
1054,807067001f58272429fd67396ba2c2c5b2e85861
1052,bd51d2b88c4bbb4529c20314cd177ae94514e2b6
1055,332fa79881a6ea86f33be611690d5e86898250fa
1050,32d32249d51f37ec53779372ad23616efbf4d74b
1010,8fd1825551b28ee967246ce9638fcad763bf616d
1018,2639a23b8875abb6c1dd2889728920cce5d09632
1040,e3a81497f9b6415b077b4eb1796c29ec1aff26fe
1039,9213e77957654235626a5a3253319504a9bbd32f
1030,c73d740e571c5912045adb5e2dbd3b9b3ff15a9d
1032,ea73571a5464d254979d827f849a2d69b655adcc
1012,5c3b161c9e7c4cacfe789a8237b262a7549d37fa
1019,01e831f08279d69f29984abf74c0eeaa12579915
1022,00679eab93049728bba6ece883c01afbab0449ed
1014,470014a2cab1e7d416ac94445f8aa766eda72c93
859,d4fec1454488687b574c545761c2869d3bb97ca6
859,2aa26fff04a98f2435e8e3015e92ef6108d3b485
859,6347e75deea2eda444c60080fda3885c1fb7705d
864,3fd40e83e5df4dbde8531a76c42d26bf76674e95
707,9427e16567943cb5dc2a6b034db97f34e39bfe9f
885,9c434ebc679087ece3d7464e39878e29dabf1951
830,21f3ad267183f1e8347812c3b00e806cac562347
838,bddcc1e763b913fae993c409ab4e15ad4e56af19
869,7e4d51c91c114880db7034b7d9dea3c39489e4f5
876,7f5b6c692df34cedf28a01e46305ec5c22697a5a
862,4c0253f9fdd4812b979532f1e24b7f0ebbd1626d
889,58681ec11e94f526f0bf4fa49b14ae43d66b86d4
977,02eb9c99fdaa0c3cb3179ca5a1538e87ba6f13f1
1000,872094c55612976bdd3de9094f7f8d13a38fee48
1004,a7b5cec62994303fa7430ffb25de1a676317c80f
872,69db1e9b1f5238f568f8b2e9c7d57b774a82643d
874,718c3a3ce7d9d6b6b93e3151ffb367474ff179a6
877,a71b65cb151c2a455a481d073b571e1f4b0134bc
878,caa0c0042087bb993ecc43e862360b9de7226830
994,2c2c240d6dc72a6850583a06e84c8780d83260e9
997,ff3ef8511ed7c507ade5ebdebced7177665a3414
980,7a353a7d1b5f7f23bc96bd8d4c17c80695e141dd
884,47a41b645f627b9b68c70c193cb322f56bb4c12c
879,141a5533c97306525551dc215510735e5b50ae0b
879,280d8659601a5e3b8dab77231d9f9fc16f5cd1ce
897,ba36d57729c413ba41aa0b9504f3300c43bcd483
921,76e2f9cd0396c71eedf7e3b1dabf60f36585722e
924,6f44ca705f277580105d8e55a7a3994802ac7e7d
931,e95cef66a3bd2d8ca751e36d111cf8f84dfc5586
936,e2264d06075b71e2051a9f162f11a6f90a24569e
930,2506c0b9a96d48f14624acfa552fc88e38a542ae
935,1bddb30e4a61f247621673aabfe49e00a306bc39
942,05caa5a50d04c1dd806ed9e5c911d95bcbe9eaf3
948,1f638d63ffcd0a52db6ac9be2d9c4d9fc99864da
938,c9bf9070370fb1cfeefab8a34f40351d6bd1bc26
946,4d9916e1a6e26e33ce2360f1d7ee41d95b79d995
955,58b4fc209a87fd15f2f09c870489734bd0df1ecb
968,e7c587789ae22a626196cea26340253dd9b70bf1
962,ccc2de19971c6c88202e9068431e562230f84b62
972,11003d0c29de90c48a8d0792ec5c9e69766be155
975,f791ede3462c700bcb8d6a4689ad65afdf51bc3c
961,17a3056be4bceaf0c1f4c309b66c5d6e8d50def0
922,ea656a89099ee848c42c871a8407242d853c0a09
947,de7e2bcf7abf7fa8d80d95d3fb25a9cebe1ed676
943,b2971ec68c99efb6d8b8e5fac08209a2d27f3089
899,d4f863428906be57dedb17409753294161b00293
779,05dbf52fa586ccd86a7d774e918faa5e9ae414a5
895,d14f57d9b8b68056ccd0e92a3fe0138ddcc0f246
891,544118bef94e647258a997ac3b1ae04625164ed7
890,4212e67d29ae00acb8f46f72212de161777a0d23
886,cab514e9f17e68d66c61739325808dc5ed494e90
863,5d205016040e9a5a5c6c511bb6b48877450e7032
858,ff59db16bc9b0d278615c479a6160e9fa4f6b5dc
843,36d70d8789954e9e3e5512d1df2215119279a7c4
856,5207c69064898f513c0b08110514f3fd39e5a4a5
844,29f3a1ac237f75ca9f330a3c285a5a4d12b0dadb
840,be73233a553456b0b2e75322ac7c5a341ed9942e
831,f3c5bff9901c4513927d4d4a50c0f4b286f25659
819,a2bc61b5ab19e899735f8945f68123b4cea570d5
817,08931401e8fefa31af2432d27b2346a96ffe8e2c
816,2e17ad7fd42d8575f308af9c17496d38ceb72b5e
815,af5a0853bfe36d547af93b904729a43fcf8cc55d
811,da49f7398d80cdd34e7f0bce28ea119a19d8c81d
808,1982c208ceebfd317e30ba16a40402850e97e1c9
782,fd9bf8f37609f220f4829050eed94df208543c56
800,afa33e37ecf1214dbf7d619181791af70e600ef5
799,ab1be65c88b01f3318e42afd089006d24e083274
786,c8961c6dc99ab876279aacb7d48e963363e633e2
784,d56d96c8c253a86b5abe20d92584a50017470a06
776,2132040a5f552f4d9de3c46e4fe7f90433db95b4
768,b461c6eec2754401caaee4a9b94306c323582ef5
770,71ec3295098042df92e1a300464e83011024a8c1
764,c7a683d2fdb9ee7bd66347ce1cd5a7b7cadc9756
725,3d9055b3b73b1d09f933bfd070f704e9e8bdff2a
751,7f35fc293559e5c809de78909872896236100189
747,915d7180fcd0defd23384e30b630e2cb31a39222
746,77753e9b73a8ed8f908e2877455f629ea6e7a6a4
745,4baeac07d97b73c1c7ca14c9d5ca7ff35d583165
744,1fe20d32087cb3e0ae1139b7fca1545db64b8cff
743,3c5d7bab26cf63b677b23ad9f4620e3bb6bfc706
741,da10fb41b73c9b304d4d10f5ad44f12b3adc6a96
742,ffbcad1e46ff88981e9f787f29234de49d31a54f
739,d395d3684a6b9243ffd9091ea9b28275d90aeb91
737,97815b999e831205b90018e81569b55ef8fd0043
736,ee013e01b0f0007e4908458fbb8e60944c40a6b7
734,26a9e907343389bf5c752615e0c99e5ec8a8833e
732,bbdfc839029889af7477b6dbbe8dc4c230ba6f73
731,c87735ff1bc30ed8c9e80d385ddb69ad5f4f4a12
676,7265bb7fa0dd5f489e325deb1c14f17fac77e590
708,335e0af73114a74cbe040be7a618720ec4e3b884
702,ef62e8440e050bb8791505f66cf48f1b756571b1
709,6a8acc115e312e1e23e70b66d493b4cdc00d1133
714,1441e02256a169ded5e1bdeaa304b279de98d53a
719,34433cfd982809af41950629f6c4b846b440fb2f
723,9abe26c14c7f9138a6b3c7b2d39c9d733749bb7e
701,6309987dca72ebe62539ce7b851a072f4e4e9173
700,84958e57290f6d65203b9e6529efc3dfe9024caf
687,5997890c6996a5eaebc14fff5642ae55acf30cd4
692,0a29c295cd1a5bf87b269a150e9889c4590ea70e
693,ac9d8b09a5f8d3d4580cd432ab05eab2cf2529c7
681,b9118ca0ccc5eb420570907a0ddcbc7cbd059b0f
683,aa83d9132fde44d4fda5b34bea1f0872780746aa
689,8a968a9378b4db323af71683ccd09b810afc2bbb
677,c999c179a25998bfd52db359b243a07fdb8584c1
661,6ab569b0e3791cf04db7c333bbf5b78d33255dad
657,3b393f89f66733f7824a50b33b93eae9999812ad
625,3fdcefbcda47c1ad7fd3432d0643d127cd2918d4
617,17fc38c397aeea01165275f6811e34989f2ff00d
630,777c0c56b5768582eb57607846a945f94c37e154
665,1e14783abddd99c450e7865f135bf126efe5fad1
660,94a9b9665b6a0a5b1aac46c4212da519205a22ad
667,b975dd4667ddbdf3733e6620d2329596db9dbfad
669,6fa449de00ae89bb1d1ae5e6f793b60d32c1ba76
623,2b30900e2c007cf39b3d73a8ad53afe2f29a3a2c
655,ab3d9d12c6f16712895735903cfbb136f22aeeec
649,e101655820d4b91159be48dd57b391f0117c6d1f
653,dfdbc00eafb3e7578b81f82a59630f2e79691cee
654,7ec45c2d02205fbe3e03c6d20b8b158fcaf9f073
647,c549e583c4cab9b657cf91544375031a64c79733
636,823bebf13a35f22d867bc3fdb0ef2cae20aa4cd4
647,813149677d2627a9ca462dbb2fae985369b54384
609,fedc96c0b9a1c48d11819f03fc82065336af89a4
624,2fabc65505d697d5c22f3f3a164222cf6a7cf3b2
634,4515b838eaf18c46fa37c250975c407b8b9a4f19
626,692a5c25887c652c9f5ccefadb48c6d8365ea02a
618,1e39871d681bd41451cf8694cd67fffe017fa522
535,8339cb35082fc93d3a9c98616aed7fe0c1c642dc
613,5583fe8acfd763f7f0b74cce00ef5f5f658caaa0
614,f06c80a21508d827a6db1223ad4de253fde013a3
611,7ee40e9348fba36d57727d7aa58d802b191c0197
501,3afcbf160eff2a5ab6ac35a82e0719f972df8972
570,661ee54bc2bc1ea0763ac9c226f8e14bb0beb5b1
600,f8b6033a3b86691470a36db57eba17d996c7d5e8
596,3c1d7758d54a5ad2c9fa1ea0933ed10b6cfeb696
601,b5bb49d080475e4fb90f6a47dacab60b53470e9d
605,c4f2075f4c4c27856fe0af77250fb75c61c0d86b
447,3bec75d230507335eaf9066605d3893e185b9e11
548,c01d36aabd45fdc5e6d7eae118337349b625fe3c
550,aecb760c6adb1ee9a32b6cca5b47920cb9bf9e1b
575,7f8709147435bea69fa15ae0de9a2326ab5dfc41
576,5b462dd38224648e7a3e533449784a9e236f957d
582,18413ed1bf08261acf6d40f8ba65a98ae586bb29
590,b2cf9e7212296a3cdf4898ccc653bd1e25668e57
583,c5f938bc55455e90a83b7c1b458a440f2e2ab129
591,39329bfc0788e1475038f9c65cb350daa45b39de
332,f034d8d3451f590fca1badeac5da0230bed9b148
607,b2fc9febdda6ce4c90f1aca351c01e8b71fde11b
603,3b9fe7c48606dc865950fa683f70eb1946c643cf
594,ee76129812419d473eb62434051e81d5855255b6
524,8d330a368a7f0aa6ba8508cb2b4b64f6415a0c7b
577,80b2689335442fcfb11772a4e68017784523d91d
563,1dde7b8be795d7261e3960a14275ac19f90b7cd6
579,ad304701025057475c19b7d79c9612f70488add4
571,9a0f6519aaa14aa8f6d0a076e269e8ca8b1668aa
567,50dc2403526c5c5c67577767b05eb81e8fab0877
562,0f3bc38a18909cae8903f3229a2866aa64a52b2a
559,9d9f240df8da4b433c914e76b6ea2c7e82f3e320
540,c7cdb2f83e9842a2ed9715d550392eea2be806cb
539,7003fe61352bab3a1dc62d18dffb00ef749b050d
537,07878722a86a72a9600ad5bc3dc577d693d91a0a
536,e32de730f9458e781c3bd6fd501dec627f256471
413,0ba758d448ca18d98bf05dfa2ad48b59eedbb942
509,ddeeca74c2e18b4334d390c59d3d3b58c7af0672
530,274d1a82f8242229b8060afafdce53a7dbd0a435
531,7bc6eead47061d1135e420ec1a54eeaf702ed470
519,1f82d02b33dad8ac7a4aa49e690767027690fe1a
479,9be47f5932cd3ae3363ab9fafdcb00d991ebff6b
497,a9e753f7064e38e40819b49a51491e681dd0f42c
517,24e01318d31c6a541a44636d3a97310ff814d0c1
522,7b1c8fd15b619aee9eb6bc53dd50bd2d7e9bea3d
529,9cce327040a2851f90be90d27ad73f4c6cfc787d
525,9034461e5bc3a3e75c64b603c89a28acc7bd2144
527,35312be63c633cbad76a790f47b1b50a94f07eb4
515,9f055104ad1a8bfa29c8cccf830dea196b5a9344
484,7c79ce6e418f07a49be8c25a4c5a40e5347be257
449,b31f2d9a640c154e41de6d9631e95cf105e96e1f
452,2262ce4915aec0dfffa8e71244ebe10f72d11111
498,ccc6816459312d2af813d984c5d8f530e57cecdf
456,bb31188ec3882e9a6c6035b7a65ca257d424e31a
495,d90f0afe39724040d0be92df054e2b1438886134
496,2ae2338ebfcf721f7baa86af2114575fd45ebe2d
493,fd62cd82cb270847491370cd43f270af6acc1400
489,2a6c80a37d8a13516499be791100312576cf34d0
486,1a19ddc55c5484f14dde728cbd20f81333a2c3f9
483,989aabbe32d2460f673cf075b8ac7cf7781b85ac
469,f267f9302a532f0f4a0b29b700841060ee058c64
439,91efb90fb3d580bad438c353bdfe4d604051a3a4
439,f43003967e2139ee6d89e7dcf267ba8d52200ac6
446,df772df24f22f7f0681a8d5b211dad764ce9c8a6
446,8740fff90781b3fd0fd9ec51a0b6a15a45f96489
417,71a97662663babca96365e01bc2017f9f178c95b
467,c2698416a835dfb5d0e52e8c291ea43eaa3d1757
458,437a1bf5c453487f3ab7db46d43dce26f57913a5
455,85e2857ed4a203eb7955cc7bf8b425a51019eb2f
464,38187bcd9f42d630d05ffcecd810fbc7220d7847
462,6b4a86df3bb5406e6a26df22d47454ed3af2b024
450,36da8e41de17ae89fc2d2650d72b1f687af43ca1
445,079c5ef7ff7bbcab9c18b5c9b25980f83db032e2
438,d626787a3461edcebd38025269f74a5428f64edb
441,96010161576be4eee372e87f4e311fc307a801ad
440,a5d1cf415e142c2926845601257d3d6c05cb3ded
433,d94efc6db63516b7f72e58c34ae33700f3d9c4fb
433,146088d58066f16ef4bc8172f8120402517c34d3
433,f4a31db9f6a9b8bdfeb023f247eb6e8a42af3162
430,f7bb2b5f19146cbaed375f29520f57c3c385762f
427,1d1db80e062bb576cd542a7a3ca990360c5b57ba
411,4e9b7867c989a1d1b0c03ddb2ea62d689b6abab1
364,a77938837c6466edfde7f1708ef56587189a5e2b
384,09370c3f1c808e9251292bc228b6bef4b1223e93
436,cb3d0b931d51fc420e5273dcf6e25d2be60de364
435,561775cbf677f72d6d8d505af79c114bc750b6b7
414,8d7ca29a3554d20324ed9c75d9c095dfa8a8c439
409,fdad6713eba3f7aaae6ca4f6f50bb8b72452c6d9
403,04bb720d3813c8cfe3ae46d2fb85dbc9a03a9b70
343,69e7a0a2a0391ed1bdd102deffbd98137790f959
392,7ba5196ba6230feede5afc24d7eff4fd15742397
388,36f3184396f72b106911f497ce43c3415cb4f551
388,92dbe3153a9e0c007ecd1987ccd5f3d796c901af
390,476f8d57a27d96ce5d099541bd9368de540bea0e
387,fbbe14791f2d417bfa57618eecaa503b69f459ac
380,b786eac5574e478d51314333fb6309456bff7b76
381,56177bcbd16f9e73252d7af7c78d25dc60ed946d
380,1f20a11284e3e9bcfc08939c48e3ab590da7c7a4
375,c824ffcf38dbda7d8191099ef4ae688d165d395e
369,f64098c784f93db9a60d7576cd4fefab8000dc97
374,b6625ec19329031ddb26dec63c6bd0477a00bf22
370,065afe53a6f72e42428c4373ed10d082868f25d6
345,8ae6ced82db441d0696ebfbf2e33e720be1008fd
351,d628df6ab6c57b34acfb412e135d0d095636c539
338,51e4a58a85bc1500d1400ba7d633d570f6296745
342,5a7c02b541bba64f4905d1d1be76a9725e4f5358
337,eb6a244a89286608f97c8967a2929cd623eabd5a
334,d16c6abf533264a19b58596010bd2dfb4d94f1d1
333,6dec92dde9f385c9b86475f109b3de96f2d41913
310,6dccf775468ea0a849d3c1c3965e3a1db6a36a3f
279,df1dd57045b38ea7dcca44622744ab24e53e399e
326,c6316132b173f96a6f5a90ff3b62f706f8a62560
327,436d24ee665a39d48bd0b915f63bc5fd22997e25
322,899f8cdf51570376298472c2118001f226e1a20e
324,7044b4beccec4380bc7e573559a08f4a8820afec
321,f6798885e6cc97bccd1e0fd861b54b01fcdb9605
303,f6edb31c34e771f7c68a5c84614b0fe315658769
309,7b899c85103996d861360a7ce42ab9a21bae3f48
307,780297e2bb6939ea9ed6a40846f3dc3fb7dcddc9
311,e942a0974f945bd4551482ecf7e29d87d162d0c1
246,4cb6eea8f1e1edc707874f72cbca43a0f698ec7d
308,e28e146997ba15383ac8a7829fc59372b61bbce9
267,1bca65d72e7a5da97cbb5f5e4f410c608f2df99f
304,b209cd96f5865500c7002e127217fdf9ef9d2225
290,63876614b6734e6404f17c9d3d22b71b3f43d158
299,505cd663cd75b5593a1c9db0eded5298bd67139a
297,a950f936875fcf7acd64e66273485f770b09c626
294,7155f11a723695352323d484610b9a1c6798eb69
293,c40a7344f2b1519aedf50f301d3d146ba74058f9
288,b34b08654362175417e6ef621e588a6775afea1a
284,34c4709d0674607afb32d3ef48738cd0c8003769
282,e8e2e934096f36edd8e96d554d06c0e330d94913
281,85c496ad037e2bba3aa5f02470ee536c87aacc23
278,9d899cd63e539b92262bbc6f101e7b5408bb31fc
277,2d78a331c142dda455bc20e9b4fb0c267f8b037d
275,eaba852c71d7960b31c678ebfb77df1263fccee8
276,ac2915d43870117806d9ebff56712d8c2995ecb9
274,76c8bb5f6c347c2e76af10b4940f03996fd8ea4c
273,c246074c9302c93fca204fe1fbe9f9899bf1c4cc
271,20371b8657840995cb1b55921cdfb1644a5956ee
269,f55d614427d6c8a3047b22d3a4ae6c1f63e35fc6
264,57d9a2a1187b306c6997a3dcbac25837a54862f2
262,eb6549d95a8e9c28f9e4b89c28e370124e7452b9
263,284025fd60fe7e0eba2b1ac9e74f59306e6de60d
259,3cecdb3966cbe3a40089fbb27d1445052d289aaf
253,ccd5ced70e48515e222b84dccc8f21d32c864dcd
258,ea7a1720779ab4680304d2bc9dffcb6f5c7f2798
257,c5340b1ec471ee8535916eeb042fb2710df64276
225,8e928a2fcbac6edca918e9d4efccc4fedb418292
237,46ecc57b7c29cd017fd841aef37c5d767cc538e0
250,63a3cea69b04a397c7fa0dbed4f1eeb3a12f8bde
244,65f9bc7b226ed8e65fc48bb26f6f68c2e2844720
238,c7ff139481f96316d740a34f01cfd0f25e449848
232,f2f806285de4505709c1f5a7811ad5c86dbe7580
234,7242abcfb22c5b7321dc658766e8b6f5486ff1c3
227,57920a5808c03d7d035f592a13a71ba627fe85da
230,19dfe5f6310188c25e5e3efcd4581b08bd9f98ff
228,e3d577cc2a87cee4e45f9939df1d6d5d99f4d943
224,017117778ec477205eaba6acab951951808a60a5
174,04e70bd5c7bd80696eabaea11afd9080d874f859
164,0bf777ed81d5296fb722931d35e5db4333e3de39
148,4b65c7ed5a31d56e194817231eb88e1083ba285d
143,2ac1b7d4388209d8e1309ed5b43ebe8d023eaa53
133,1c24b62727704016813a44d7c677ead0b6638c91
108,6e3dd9b3ce3ddb6ae1689654ce6dc2e71742c8a7
108,2a73bbc436041875f81aeffd5b8f13c6da8fcf19
106,d903f55e835dd143afb6e0079376525718ffb5a9
102,38107c752cf959ad69cf4f35886946bc947f2bd3
104,fda14678c07d036ef3a1984a4e346e793cc5a63c
105,faa1c71e455a99e9b098aa9bb4667c07a1bab6aa
100,d17b6d738a0e9f8a3dcf4996a65de6e3347acae6
92,4a2d2ba3b8259165a97dc80890547f97d7e35ff5
90,e5008386b1a7e0ef3ebb5a4082bf2176d7169ab9
88,a3a72e2d8d8df53164689fd84a5db2c6cd04f28a
87,70dc2b66a0d02a23546ad8d48b7fca1c21997ae6
86,f5b8c082847baa8a902cef22c43a5d50d7a55bdc
80,f8f8463f3a0e260604b066de56b0a8c7d3a86db4
81,ed16ae2183ad44a7ba89aedd331a180455ed0836
82,d12d73263f5d1664a65a42f71f19158b7e07ef2c
79,da514b398429653dbd368c6da48c9863d3c2632f
77,9e1111c2fbc2c7670eb489df0262a90417b96019
75,a154c87cfca3e21316552b2ec558029f9c96122a
70,3ab318a7ddca819e13d6d161b008b62b6583453e
74,bc662a546ed9028d93482f79314e64beae19a1d6
73,d0357b44b02324b85af42052487eab13d0b75f81
71,7ea1b801cc1f7d09ee18e8d70957c9d34b870700
63,fe35105bec80bbb7cbba1b1d6414612fe85873cd
67,387be22f26b8065d29e311723bb8a50a74248534
58,f5fb4576577cbedcedba9eb16d9fdace18c9292c
59,bc00fd1e83f23f57dd6a765b6a4bab2394584ae6
59,33e7f2b990e3889d6aa9cffef4a4c9d7d0923698
56,707b30749daf407c07b5b265bd892564576ad80a
57,a6617f44c0416c6877d930b312e1f64df08eca0e
47,1264c458ae808d306aa03c51f70103e52dca107b
45,6c095deda51efb34cd18bd23411ebd6f2a0cdfe0
42,9d98ad5e079b88fd9da87e47d55a11e465ab6bb0
44,cc8332e9d99c08b77614e5acd7bd0e6d08dc29b6
41,854e0e26d16408760072308c44b9160a9fb39abd
39,c6e6792cd52022add8455fc792b2ca73c62d3d65
30,f6da77e894a939b838e02fb744fa3031abfc96ec
29,a921aef6c47cecbacef5173f03c07c52e6bc8fea
24,9248a7baca5bc616a60f9b63b525e872fbfddef2
18,8d49440d8b881b2df2c10085a58d3a4e4085147e
19,a9284afde97c30d136e8ec675794c7cdcf4ca277
20,f1603d33f266ab24eda604f76632fa604b91e3f9
21,31493850de3d7765d09419aa49b98089f79da3c2
16,36717b02731ad7d86ba8effbe27e70405e48cd9b
12,88f671aaaef334caf3231095b119cac094ff5ffb
