s_id,t_id
EA1,EA140
EA1,EA141
EA1,EA142
EA1,EA143
EA1,EA150
EA1,EA151
EA1,EA156
EA1,EA157
EA1,EA166
EA1,EA177
EA1,EA184
EA2,EA140
EA2,EA141
EA2,EA142
EA2,EA144
EA2,EA145
EA2,EA146
EA2,EA147
EA2,EA150
EA2,EA153
EA2,EA154
EA2,EA155
EA2,EA156
EA2,EA166
EA2,EA177
EA2,EA185
EA3,EA140
EA3,EA141
EA3,EA142
EA3,EA150
EA3,EA158
EA3,EA161
EA3,EA162
EA3,EA166
EA3,EA177
EA3,EA184
EA4,EA140
EA4,EA141
EA4,EA144
EA4,EA145
EA4,EA146
EA4,EA147
EA4,EA150
EA4,EA153
EA4,EA154
EA4,EA156
EA4,EA157
EA4,EA159
EA4,EA163
EA4,EA164
EA4,EA166
EA4,EA172
EA4,EA181
EA4,EA189
EA4,EA193
EA5,EA140
EA5,EA141
EA5,EA142
EA5,EA150
EA5,EA156
EA5,EA157
EA5,EA158
EA5,EA161
EA5,EA162
EA5,EA166
EA5,EA173
EA6,EA140
EA6,EA141
EA6,EA144
EA6,EA145
EA6,EA146
EA6,EA147
EA6,EA150
EA6,EA153
EA6,EA154
EA6,EA156
EA6,EA157
EA6,EA159
EA6,EA163
EA6,EA164
EA6,EA166
EA6,EA175
EA6,EA189
EA6,EA193
EA7,EA140
EA7,EA141
EA7,EA142
EA7,EA150
EA7,EA156
EA7,EA157
EA7,EA158
EA7,EA161
EA7,EA162
EA7,EA166
EA7,EA176
EA8,EA140
EA8,EA141
EA8,EA142
EA8,EA143
EA8,EA150
EA8,EA151
EA8,EA156
EA8,EA157
EA8,EA166
EA8,EA178
EA8,EA184
EA9,EA140
EA9,EA141
EA9,EA142
EA9,EA144
EA9,EA145
EA9,EA146
EA9,EA147
EA9,EA150
EA9,EA153
EA9,EA154
EA9,EA155
EA9,EA156
EA9,EA166
EA9,EA178
EA9,EA185
EA10,EA140
EA10,EA141
EA10,EA142
EA10,EA150
EA10,EA158
EA10,EA161
EA10,EA162
EA10,EA166
EA10,EA178
EA10,EA184
EA11,EA140
EA11,EA141
EA11,EA144
EA11,EA145
EA11,EA146
EA11,EA147
EA11,EA153
EA11,EA154
EA11,EA156
EA11,EA157
EA11,EA159
EA11,EA163
EA11,EA164
EA11,EA166
EA11,EA181
EA11,EA189
EA11,EA193
EA12,EA141
EA12,EA142
EA12,EA143
EA12,EA150
EA12,EA151
EA12,EA156
EA12,EA157
EA12,EA166
EA12,EA180
EA12,EA188
EA13,EA141
EA13,EA142
EA13,EA146
EA13,EA147
EA13,EA150
EA13,EA154
EA13,EA156
EA13,EA157
EA13,EA166
EA13,EA181
EA13,EA189
EA14,EA140
EA14,EA141
EA14,EA150
EA14,EA156
EA14,EA157
EA14,EA158
EA14,EA161
EA14,EA162
EA14,EA166
EA14,EA182
EA14,EA190
EA15,EA140
EA15,EA141
EA15,EA150
EA15,EA156
EA15,EA157
EA15,EA158
EA15,EA161
EA15,EA162
EA15,EA166
EA15,EA182
EA15,EA190
EA16,EA141
EA16,EA142
EA16,EA143
EA16,EA150
EA16,EA151
EA16,EA156
EA16,EA157
EA16,EA166
EA16,EA179
EA16,EA180
EA16,EA186
EA16,EA188
EA17,EA140
EA17,EA141
EA17,EA146
EA17,EA147
EA17,EA150
EA17,EA154
EA17,EA156
EA17,EA157
EA17,EA166
EA17,EA179
EA17,EA181
EA17,EA186
EA18,EA140
EA18,EA141
EA18,EA150
EA18,EA156
EA18,EA157
EA18,EA158
EA18,EA161
EA18,EA162
EA18,EA166
EA18,EA179
EA18,EA190
EA19,EA140
EA19,EA141
EA19,EA144
EA19,EA145
EA19,EA146
EA19,EA147
EA19,EA150
EA19,EA153
EA19,EA154
EA19,EA156
EA19,EA157
EA19,EA166
EA19,EA186
EA19,EA189
EA20,EA141
EA20,EA142
EA20,EA143
EA20,EA150
EA20,EA151
EA20,EA156
EA20,EA157
EA20,EA166
EA20,EA186
EA21,EA140
EA21,EA141
EA21,EA144
EA21,EA145
EA21,EA146
EA21,EA147
EA21,EA150
EA21,EA153
EA21,EA154
EA21,EA156
EA21,EA157
EA21,EA159
EA21,EA163
EA21,EA164
EA21,EA166
EA21,EA187
EA21,EA189
EA22,EA140
EA22,EA141
EA22,EA144
EA22,EA145
EA22,EA146
EA22,EA147
EA22,EA150
EA22,EA153
EA22,EA154
EA22,EA156
EA22,EA157
EA22,EA159
EA22,EA163
EA22,EA164
EA22,EA166
EA22,EA189
EA23,EA156
EA23,EA157
EA23,EA158
EA23,EA161
EA23,EA162
EA23,EA190
EA24,EA144
EA24,EA145
EA24,EA146
EA24,EA147
EA24,EA148
EA24,EA149
EA24,EA152
EA24,EA153
EA24,EA154
EA24,EA155
EA24,EA156
EA24,EA157
EA24,EA159
EA24,EA160
EA24,EA163
EA24,EA164
EA24,EA165
EA24,EA166
EA24,EA167
EA24,EA168
EA24,EA170
EA24,EA181
EA24,EA183
EA24,EA191
EA24,EA192
EA24,EA193
EA24,EA194
EA25,EA144
EA25,EA145
EA25,EA146
EA25,EA147
EA25,EA148
EA25,EA149
EA25,EA152
EA25,EA153
EA25,EA154
EA25,EA155
EA25,EA156
EA25,EA157
EA25,EA159
EA25,EA160
EA25,EA163
EA25,EA164
EA25,EA165
EA25,EA166
EA25,EA167
EA25,EA168
EA25,EA170
EA25,EA181
EA25,EA183
EA25,EA191
EA25,EA192
EA25,EA193
EA25,EA194
EA26,EA144
EA26,EA145
EA26,EA146
EA26,EA147
EA26,EA149
EA26,EA153
EA26,EA154
EA26,EA155
EA26,EA156
EA26,EA157
EA26,EA159
EA26,EA160
EA26,EA163
EA26,EA164
EA26,EA165
EA26,EA166
EA26,EA167
EA26,EA170
EA26,EA191
EA26,EA192
EA26,EA193
EA26,EA194
EA27,EA144
EA27,EA145
EA27,EA146
EA27,EA147
EA27,EA153
EA27,EA154
EA27,EA155
EA27,EA156
EA27,EA157
EA27,EA160
EA27,EA165
EA27,EA166
EA27,EA194
EA28,EA144
EA28,EA145
EA28,EA146
EA28,EA147
EA28,EA153
EA28,EA154
EA28,EA155
EA28,EA156
EA28,EA157
EA28,EA160
EA28,EA165
EA28,EA166
EA28,EA194
EA29,EA144
EA29,EA145
EA29,EA146
EA29,EA147
EA29,EA153
EA29,EA154
EA29,EA155
EA29,EA156
EA29,EA157
EA29,EA160
EA29,EA165
EA29,EA166
EA29,EA194
EA30,EA144
EA30,EA145
EA30,EA146
EA30,EA147
EA30,EA153
EA30,EA154
EA30,EA156
EA30,EA157
EA30,EA159
EA30,EA160
EA30,EA163
EA30,EA164
EA30,EA165
EA30,EA166
EA30,EA192
EA31,EA144
EA31,EA145
EA31,EA146
EA31,EA147
EA31,EA153
EA31,EA154
EA31,EA156
EA31,EA157
EA31,EA159
EA31,EA160
EA31,EA163
EA31,EA164
EA31,EA165
EA31,EA166
EA31,EA191
EA31,EA192
EA32,EA144
EA32,EA145
EA32,EA146
EA32,EA147
EA32,EA153
EA32,EA154
EA32,EA156
EA32,EA157
EA32,EA159
EA32,EA160
EA32,EA163
EA32,EA164
EA32,EA165
EA32,EA166
EA32,EA191
EA32,EA192
EA33,EA149
EA33,EA166
EA33,EA169
EA34,EA149
EA34,EA166
EA34,EA169
EA36,EA144
EA36,EA145
EA36,EA146
EA36,EA147
EA36,EA153
EA36,EA154
EA36,EA156
EA36,EA157
EA36,EA159
EA36,EA163
EA36,EA164
EA36,EA166
EA36,EA193
EA37,EA144
EA37,EA145
EA37,EA146
EA37,EA147
EA37,EA153
EA37,EA154
EA37,EA156
EA37,EA157
EA37,EA159
EA37,EA160
EA37,EA163
EA37,EA164
EA37,EA165
EA37,EA166
EA37,EA192
EA38,EA144
EA38,EA145
EA38,EA146
EA38,EA147
EA38,EA153
EA38,EA154
EA38,EA156
EA38,EA157
EA38,EA159
EA38,EA160
EA38,EA163
EA38,EA164
EA38,EA165
EA38,EA166
EA38,EA192
EA41,EA144
EA41,EA145
EA41,EA146
EA41,EA147
EA41,EA153
EA41,EA154
EA41,EA156
EA41,EA157
EA41,EA160
EA41,EA165
EA41,EA166
EA41,EA191
EA41,EA194
EA138,EA140
EA138,EA141
EA138,EA142
EA138,EA143
EA138,EA144
EA138,EA145
EA138,EA146
EA138,EA147
EA138,EA148
EA138,EA149
EA138,EA150
EA138,EA151
EA138,EA152
EA138,EA153
EA138,EA154
EA138,EA155
EA138,EA156
EA138,EA157
EA138,EA158
EA138,EA159
EA138,EA160
EA138,EA161
EA138,EA162
EA138,EA163
EA138,EA164
EA138,EA165
EA138,EA166
EA138,EA167
EA138,EA168
EA138,EA169
EA138,EA170
EA138,EA171
EA138,EA172
EA138,EA173
EA138,EA174
EA138,EA175
EA138,EA176
EA138,EA177
EA138,EA178
EA138,EA179
EA138,EA180
EA138,EA181
EA138,EA182
EA138,EA183
EA138,EA184
EA138,EA185
EA138,EA186
EA138,EA187
EA138,EA188
EA138,EA189
EA138,EA190
EA138,EA191
EA138,EA192
EA138,EA193
EA138,EA194
