id,doc
EA1,UC/EA1.txt
EA10,UC/EA10.txt
EA100,UC/EA100.txt
EA101,UC/EA101.txt
EA102,UC/EA102.txt
EA103,UC/EA103.txt
EA104,UC/EA104.txt
EA105,UC/EA105.txt
EA106,UC/EA106.txt
EA107,UC/EA107.txt
EA108,UC/EA108.txt
EA109,UC/EA109.txt
EA11,UC/EA11.txt
EA110,UC/EA110.txt
EA111,UC/EA111.txt
EA112,UC/EA112.txt
EA113,UC/EA113.txt
EA114,UC/EA114.txt
EA115,UC/EA115.txt
EA116,UC/EA116.txt
EA117,UC/EA117.txt
EA118,UC/EA118.txt
EA119,UC/EA119.txt
EA12,UC/EA12.txt
EA120,UC/EA120.txt
EA121,UC/EA121.txt
EA122,UC/EA122.txt
EA123,UC/EA123.txt
EA124,UC/EA124.txt
EA125,UC/EA125.txt
EA126,UC/EA126.txt
EA127,UC/EA127.txt
EA128,UC/EA128.txt
EA129,UC/EA129.txt
EA13,UC/EA13.txt
EA130,UC/EA130.txt
EA131,UC/EA131.txt
EA132,UC/EA132.txt
EA133,UC/EA133.txt
EA134,UC/EA134.txt
EA135,UC/EA135.txt
EA136,UC/EA136.txt
EA137,UC/EA137.txt
EA138,UC/EA138.txt
EA139,UC/EA139.txt
EA14,UC/EA14.txt
EA15,UC/EA15.txt
EA16,UC/EA16.txt
EA17,UC/EA17.txt
EA18,UC/EA18.txt
EA19,UC/EA19.txt
EA2,UC/EA2.txt
EA20,UC/EA20.txt
EA21,UC/EA21.txt
EA22,UC/EA22.txt
EA23,UC/EA23.txt
EA24,UC/EA24.txt
EA25,UC/EA25.txt
EA26,UC/EA26.txt
EA27,UC/EA27.txt
EA28,UC/EA28.txt
EA29,UC/EA29.txt
EA3,UC/EA3.txt
EA30,UC/EA30.txt
EA31,UC/EA31.txt
EA32,UC/EA32.txt
EA33,UC/EA33.txt
EA34,UC/EA34.txt
EA35,UC/EA35.txt
EA36,UC/EA36.txt
EA37,UC/EA37.txt
EA38,UC/EA38.txt
EA39,UC/EA39.txt
EA4,UC/EA4.txt
EA40,UC/EA40.txt
EA41,UC/EA41.txt
EA42,UC/EA42.txt
EA43,UC/EA43.txt
EA44,UC/EA44.txt
EA45,UC/EA45.txt
EA46,UC/EA46.txt
EA47,UC/EA47.txt
EA48,UC/EA48.txt
EA49,UC/EA49.txt
EA5,UC/EA5.txt
EA50,UC/EA50.txt
EA51,UC/EA51.txt
EA52,UC/EA52.txt
EA53,UC/EA53.txt
EA54,UC/EA54.txt
EA55,UC/EA55.txt
EA56,UC/EA56.txt
EA57,UC/EA57.txt
EA58,UC/EA58.txt
EA59,UC/EA59.txt
EA6,UC/EA6.txt
EA60,UC/EA60.txt
EA61,UC/EA61.txt
EA62,UC/EA62.txt
EA63,UC/EA63.txt
EA64,UC/EA64.txt
EA65,UC/EA65.txt
EA66,UC/EA66.txt
EA67,UC/EA67.txt
EA68,UC/EA68.txt
EA69,UC/EA69.txt
EA7,UC/EA7.txt
EA70,UC/EA70.txt
EA71,UC/EA71.txt
EA72,UC/EA72.txt
EA73,UC/EA73.txt
EA74,UC/EA74.txt
EA75,UC/EA75.txt
EA76,UC/EA76.txt
EA77,UC/EA77.txt
EA78,UC/EA78.txt
EA79,UC/EA79.txt
EA8,UC/EA8.txt
EA80,UC/EA80.txt
EA81,UC/EA81.txt
EA82,UC/EA82.txt
EA83,UC/EA83.txt
EA84,UC/EA84.txt
EA85,UC/EA85.txt
EA86,UC/EA86.txt
EA87,UC/EA87.txt
EA88,UC/EA88.txt
EA89,UC/EA89.txt
EA9,UC/EA9.txt
EA90,UC/EA90.txt
EA91,UC/EA91.txt
EA92,UC/EA92.txt
EA93,UC/EA93.txt
EA94,UC/EA94.txt
EA95,UC/EA95.txt
EA96,UC/EA96.txt
EA97,UC/EA97.txt
EA98,UC/EA98.txt
EA99,UC/EA99.txt
EAnic-first,UC/EAnic-first.txt
