id1,id2,label,doc1,doc2
EA1,EA10,1,UC/EA1.txt,UC/EA10.txt
EA1,EA11,1,UC/EA1.txt,UC/EA11.txt
EA1,EA12,1,UC/EA1.txt,UC/EA12.txt
EA1,EA13,1,UC/EA1.txt,UC/EA13.txt
EA1,EA138,1,UC/EA1.txt,UC/EA138.txt
EA1,EA14,1,UC/EA1.txt,UC/EA14.txt
EA1,EA15,1,UC/EA1.txt,UC/EA15.txt
EA1,EA16,1,UC/EA1.txt,UC/EA16.txt
EA1,EA17,1,UC/EA1.txt,UC/EA17.txt
EA1,EA18,1,UC/EA1.txt,UC/EA18.txt
EA1,EA19,1,UC/EA1.txt,UC/EA19.txt
EA1,EA2,1,UC/EA1.txt,UC/EA2.txt
EA1,EA20,1,UC/EA1.txt,UC/EA20.txt
EA1,EA21,1,UC/EA1.txt,UC/EA21.txt
EA1,EA22,1,UC/EA1.txt,UC/EA22.txt
EA1,EA23,1,UC/EA1.txt,UC/EA23.txt
EA1,EA24,1,UC/EA1.txt,UC/EA24.txt
EA1,EA25,1,UC/EA1.txt,UC/EA25.txt
EA1,EA26,1,UC/EA1.txt,UC/EA26.txt
EA1,EA27,1,UC/EA1.txt,UC/EA27.txt
EA1,EA28,1,UC/EA1.txt,UC/EA28.txt
EA1,EA29,1,UC/EA1.txt,UC/EA29.txt
EA1,EA3,1,UC/EA1.txt,UC/EA3.txt
EA1,EA30,1,UC/EA1.txt,UC/EA30.txt
EA1,EA31,1,UC/EA1.txt,UC/EA31.txt
EA1,EA32,1,UC/EA1.txt,UC/EA32.txt
EA1,EA33,1,UC/EA1.txt,UC/EA33.txt
EA1,EA34,1,UC/EA1.txt,UC/EA34.txt
EA1,EA36,1,UC/EA1.txt,UC/EA36.txt
EA1,EA37,1,UC/EA1.txt,UC/EA37.txt
EA1,EA38,1,UC/EA1.txt,UC/EA38.txt
EA1,EA4,1,UC/EA1.txt,UC/EA4.txt
EA1,EA41,1,UC/EA1.txt,UC/EA41.txt
EA1,EA5,1,UC/EA1.txt,UC/EA5.txt
EA1,EA6,1,UC/EA1.txt,UC/EA6.txt
EA1,EA7,1,UC/EA1.txt,UC/EA7.txt
EA1,EA8,1,UC/EA1.txt,UC/EA8.txt
EA1,EA9,1,UC/EA1.txt,UC/EA9.txt
EA10,EA11,1,UC/EA10.txt,UC/EA11.txt
EA10,EA12,1,UC/EA10.txt,UC/EA12.txt
EA10,EA13,1,UC/EA10.txt,UC/EA13.txt
EA10,EA138,1,UC/EA10.txt,UC/EA138.txt
EA10,EA14,1,UC/EA10.txt,UC/EA14.txt
EA10,EA15,1,UC/EA10.txt,UC/EA15.txt
EA10,EA16,1,UC/EA10.txt,UC/EA16.txt
EA10,EA17,1,UC/EA10.txt,UC/EA17.txt
EA10,EA18,1,UC/EA10.txt,UC/EA18.txt
EA10,EA19,1,UC/EA10.txt,UC/EA19.txt
EA10,EA2,1,UC/EA10.txt,UC/EA2.txt
EA10,EA20,1,UC/EA10.txt,UC/EA20.txt
EA10,EA21,1,UC/EA10.txt,UC/EA21.txt
EA10,EA22,1,UC/EA10.txt,UC/EA22.txt
EA10,EA23,1,UC/EA10.txt,UC/EA23.txt
EA10,EA24,1,UC/EA10.txt,UC/EA24.txt
EA10,EA25,1,UC/EA10.txt,UC/EA25.txt
EA10,EA26,1,UC/EA10.txt,UC/EA26.txt
EA10,EA27,1,UC/EA10.txt,UC/EA27.txt
EA10,EA28,1,UC/EA10.txt,UC/EA28.txt
EA10,EA29,1,UC/EA10.txt,UC/EA29.txt
EA10,EA3,1,UC/EA10.txt,UC/EA3.txt
EA10,EA30,1,UC/EA10.txt,UC/EA30.txt
EA10,EA31,1,UC/EA10.txt,UC/EA31.txt
EA10,EA32,1,UC/EA10.txt,UC/EA32.txt
EA10,EA33,1,UC/EA10.txt,UC/EA33.txt
EA10,EA34,1,UC/EA10.txt,UC/EA34.txt
EA10,EA36,1,UC/EA10.txt,UC/EA36.txt
EA10,EA37,1,UC/EA10.txt,UC/EA37.txt
EA10,EA38,1,UC/EA10.txt,UC/EA38.txt
EA10,EA4,1,UC/EA10.txt,UC/EA4.txt
EA10,EA41,1,UC/EA10.txt,UC/EA41.txt
EA10,EA5,1,UC/EA10.txt,UC/EA5.txt
EA10,EA6,1,UC/EA10.txt,UC/EA6.txt
EA10,EA7,1,UC/EA10.txt,UC/EA7.txt
EA10,EA8,1,UC/EA10.txt,UC/EA8.txt
EA10,EA9,1,UC/EA10.txt,UC/EA9.txt
EA11,EA12,1,UC/EA11.txt,UC/EA12.txt
EA11,EA13,1,UC/EA11.txt,UC/EA13.txt
EA11,EA138,1,UC/EA11.txt,UC/EA138.txt
EA11,EA14,1,UC/EA11.txt,UC/EA14.txt
EA11,EA15,1,UC/EA11.txt,UC/EA15.txt
EA11,EA16,1,UC/EA11.txt,UC/EA16.txt
EA11,EA17,1,UC/EA11.txt,UC/EA17.txt
EA11,EA18,1,UC/EA11.txt,UC/EA18.txt
EA11,EA19,1,UC/EA11.txt,UC/EA19.txt
EA11,EA2,1,UC/EA11.txt,UC/EA2.txt
EA11,EA20,1,UC/EA11.txt,UC/EA20.txt
EA11,EA21,1,UC/EA11.txt,UC/EA21.txt
EA11,EA22,1,UC/EA11.txt,UC/EA22.txt
EA11,EA23,1,UC/EA11.txt,UC/EA23.txt
EA11,EA24,1,UC/EA11.txt,UC/EA24.txt
EA11,EA25,1,UC/EA11.txt,UC/EA25.txt
EA11,EA26,1,UC/EA11.txt,UC/EA26.txt
EA11,EA27,1,UC/EA11.txt,UC/EA27.txt
EA11,EA28,1,UC/EA11.txt,UC/EA28.txt
EA11,EA29,1,UC/EA11.txt,UC/EA29.txt
EA11,EA3,1,UC/EA11.txt,UC/EA3.txt
EA11,EA30,1,UC/EA11.txt,UC/EA30.txt
EA11,EA31,1,UC/EA11.txt,UC/EA31.txt
EA11,EA32,1,UC/EA11.txt,UC/EA32.txt
EA11,EA33,1,UC/EA11.txt,UC/EA33.txt
EA11,EA34,1,UC/EA11.txt,UC/EA34.txt
EA11,EA36,1,UC/EA11.txt,UC/EA36.txt
EA11,EA37,1,UC/EA11.txt,UC/EA37.txt
EA11,EA38,1,UC/EA11.txt,UC/EA38.txt
EA11,EA4,1,UC/EA11.txt,UC/EA4.txt
EA11,EA41,1,UC/EA11.txt,UC/EA41.txt
EA11,EA5,1,UC/EA11.txt,UC/EA5.txt
EA11,EA6,1,UC/EA11.txt,UC/EA6.txt
EA11,EA7,1,UC/EA11.txt,UC/EA7.txt
EA11,EA8,1,UC/EA11.txt,UC/EA8.txt
EA11,EA9,1,UC/EA11.txt,UC/EA9.txt
EA12,EA13,1,UC/EA12.txt,UC/EA13.txt
EA12,EA138,1,UC/EA12.txt,UC/EA138.txt
EA12,EA14,1,UC/EA12.txt,UC/EA14.txt
EA12,EA15,1,UC/EA12.txt,UC/EA15.txt
EA12,EA16,1,UC/EA12.txt,UC/EA16.txt
EA12,EA17,1,UC/EA12.txt,UC/EA17.txt
EA12,EA18,1,UC/EA12.txt,UC/EA18.txt
EA12,EA19,1,UC/EA12.txt,UC/EA19.txt
EA12,EA2,1,UC/EA12.txt,UC/EA2.txt
EA12,EA20,1,UC/EA12.txt,UC/EA20.txt
EA12,EA21,1,UC/EA12.txt,UC/EA21.txt
EA12,EA22,1,UC/EA12.txt,UC/EA22.txt
EA12,EA23,1,UC/EA12.txt,UC/EA23.txt
EA12,EA24,1,UC/EA12.txt,UC/EA24.txt
EA12,EA25,1,UC/EA12.txt,UC/EA25.txt
EA12,EA26,1,UC/EA12.txt,UC/EA26.txt
EA12,EA27,1,UC/EA12.txt,UC/EA27.txt
EA12,EA28,1,UC/EA12.txt,UC/EA28.txt
EA12,EA29,1,UC/EA12.txt,UC/EA29.txt
EA12,EA3,1,UC/EA12.txt,UC/EA3.txt
EA12,EA30,1,UC/EA12.txt,UC/EA30.txt
EA12,EA31,1,UC/EA12.txt,UC/EA31.txt
EA12,EA32,1,UC/EA12.txt,UC/EA32.txt
EA12,EA33,1,UC/EA12.txt,UC/EA33.txt
EA12,EA34,1,UC/EA12.txt,UC/EA34.txt
EA12,EA36,1,UC/EA12.txt,UC/EA36.txt
EA12,EA37,1,UC/EA12.txt,UC/EA37.txt
EA12,EA38,1,UC/EA12.txt,UC/EA38.txt
EA12,EA4,1,UC/EA12.txt,UC/EA4.txt
EA12,EA41,1,UC/EA12.txt,UC/EA41.txt
EA12,EA5,1,UC/EA12.txt,UC/EA5.txt
EA12,EA6,1,UC/EA12.txt,UC/EA6.txt
EA12,EA7,1,UC/EA12.txt,UC/EA7.txt
EA12,EA8,1,UC/EA12.txt,UC/EA8.txt
EA12,EA9,1,UC/EA12.txt,UC/EA9.txt
EA13,EA138,1,UC/EA13.txt,UC/EA138.txt
EA13,EA14,1,UC/EA13.txt,UC/EA14.txt
EA13,EA15,1,UC/EA13.txt,UC/EA15.txt
EA13,EA16,1,UC/EA13.txt,UC/EA16.txt
EA13,EA17,1,UC/EA13.txt,UC/EA17.txt
EA13,EA18,1,UC/EA13.txt,UC/EA18.txt
EA13,EA19,1,UC/EA13.txt,UC/EA19.txt
EA13,EA2,1,UC/EA13.txt,UC/EA2.txt
EA13,EA20,1,UC/EA13.txt,UC/EA20.txt
EA13,EA21,1,UC/EA13.txt,UC/EA21.txt
EA13,EA22,1,UC/EA13.txt,UC/EA22.txt
EA13,EA23,1,UC/EA13.txt,UC/EA23.txt
EA13,EA24,1,UC/EA13.txt,UC/EA24.txt
EA13,EA25,1,UC/EA13.txt,UC/EA25.txt
EA13,EA26,1,UC/EA13.txt,UC/EA26.txt
EA13,EA27,1,UC/EA13.txt,UC/EA27.txt
EA13,EA28,1,UC/EA13.txt,UC/EA28.txt
EA13,EA29,1,UC/EA13.txt,UC/EA29.txt
EA13,EA3,1,UC/EA13.txt,UC/EA3.txt
EA13,EA30,1,UC/EA13.txt,UC/EA30.txt
EA13,EA31,1,UC/EA13.txt,UC/EA31.txt
EA13,EA32,1,UC/EA13.txt,UC/EA32.txt
EA13,EA33,1,UC/EA13.txt,UC/EA33.txt
EA13,EA34,1,UC/EA13.txt,UC/EA34.txt
EA13,EA36,1,UC/EA13.txt,UC/EA36.txt
EA13,EA37,1,UC/EA13.txt,UC/EA37.txt
EA13,EA38,1,UC/EA13.txt,UC/EA38.txt
EA13,EA4,1,UC/EA13.txt,UC/EA4.txt
EA13,EA41,1,UC/EA13.txt,UC/EA41.txt
EA13,EA5,1,UC/EA13.txt,UC/EA5.txt
EA13,EA6,1,UC/EA13.txt,UC/EA6.txt
EA13,EA7,1,UC/EA13.txt,UC/EA7.txt
EA13,EA8,1,UC/EA13.txt,UC/EA8.txt
EA13,EA9,1,UC/EA13.txt,UC/EA9.txt
EA138,EA14,1,UC/EA138.txt,UC/EA14.txt
EA138,EA15,1,UC/EA138.txt,UC/EA15.txt
EA138,EA16,1,UC/EA138.txt,UC/EA16.txt
EA138,EA17,1,UC/EA138.txt,UC/EA17.txt
EA138,EA18,1,UC/EA138.txt,UC/EA18.txt
EA138,EA19,1,UC/EA138.txt,UC/EA19.txt
EA138,EA2,1,UC/EA138.txt,UC/EA2.txt
EA138,EA20,1,UC/EA138.txt,UC/EA20.txt
EA138,EA21,1,UC/EA138.txt,UC/EA21.txt
EA138,EA22,1,UC/EA138.txt,UC/EA22.txt
EA138,EA23,1,UC/EA138.txt,UC/EA23.txt
EA138,EA24,1,UC/EA138.txt,UC/EA24.txt
EA138,EA25,1,UC/EA138.txt,UC/EA25.txt
EA138,EA26,1,UC/EA138.txt,UC/EA26.txt
EA138,EA27,1,UC/EA138.txt,UC/EA27.txt
EA138,EA28,1,UC/EA138.txt,UC/EA28.txt
EA138,EA29,1,UC/EA138.txt,UC/EA29.txt
EA138,EA3,1,UC/EA138.txt,UC/EA3.txt
EA138,EA30,1,UC/EA138.txt,UC/EA30.txt
EA138,EA31,1,UC/EA138.txt,UC/EA31.txt
EA138,EA32,1,UC/EA138.txt,UC/EA32.txt
EA138,EA33,1,UC/EA138.txt,UC/EA33.txt
EA138,EA34,1,UC/EA138.txt,UC/EA34.txt
EA138,EA36,1,UC/EA138.txt,UC/EA36.txt
EA138,EA37,1,UC/EA138.txt,UC/EA37.txt
EA138,EA38,1,UC/EA138.txt,UC/EA38.txt
EA138,EA4,1,UC/EA138.txt,UC/EA4.txt
EA138,EA41,1,UC/EA138.txt,UC/EA41.txt
EA138,EA5,1,UC/EA138.txt,UC/EA5.txt
EA138,EA6,1,UC/EA138.txt,UC/EA6.txt
EA138,EA7,1,UC/EA138.txt,UC/EA7.txt
EA138,EA8,1,UC/EA138.txt,UC/EA8.txt
EA138,EA9,1,UC/EA138.txt,UC/EA9.txt
EA14,EA15,1,UC/EA14.txt,UC/EA15.txt
EA14,EA16,1,UC/EA14.txt,UC/EA16.txt
EA14,EA17,1,UC/EA14.txt,UC/EA17.txt
EA14,EA18,1,UC/EA14.txt,UC/EA18.txt
EA14,EA19,1,UC/EA14.txt,UC/EA19.txt
EA14,EA2,1,UC/EA14.txt,UC/EA2.txt
EA14,EA20,1,UC/EA14.txt,UC/EA20.txt
EA14,EA21,1,UC/EA14.txt,UC/EA21.txt
EA14,EA22,1,UC/EA14.txt,UC/EA22.txt
EA14,EA23,1,UC/EA14.txt,UC/EA23.txt
EA14,EA24,1,UC/EA14.txt,UC/EA24.txt
EA14,EA25,1,UC/EA14.txt,UC/EA25.txt
EA14,EA26,1,UC/EA14.txt,UC/EA26.txt
EA14,EA27,1,UC/EA14.txt,UC/EA27.txt
EA14,EA28,1,UC/EA14.txt,UC/EA28.txt
EA14,EA29,1,UC/EA14.txt,UC/EA29.txt
EA14,EA3,1,UC/EA14.txt,UC/EA3.txt
EA14,EA30,1,UC/EA14.txt,UC/EA30.txt
EA14,EA31,1,UC/EA14.txt,UC/EA31.txt
EA14,EA32,1,UC/EA14.txt,UC/EA32.txt
EA14,EA33,1,UC/EA14.txt,UC/EA33.txt
EA14,EA34,1,UC/EA14.txt,UC/EA34.txt
EA14,EA36,1,UC/EA14.txt,UC/EA36.txt
EA14,EA37,1,UC/EA14.txt,UC/EA37.txt
EA14,EA38,1,UC/EA14.txt,UC/EA38.txt
EA14,EA4,1,UC/EA14.txt,UC/EA4.txt
EA14,EA41,1,UC/EA14.txt,UC/EA41.txt
EA14,EA5,1,UC/EA14.txt,UC/EA5.txt
EA14,EA6,1,UC/EA14.txt,UC/EA6.txt
EA14,EA7,1,UC/EA14.txt,UC/EA7.txt
EA14,EA8,1,UC/EA14.txt,UC/EA8.txt
EA14,EA9,1,UC/EA14.txt,UC/EA9.txt
EA15,EA16,1,UC/EA15.txt,UC/EA16.txt
EA15,EA17,1,UC/EA15.txt,UC/EA17.txt
EA15,EA18,1,UC/EA15.txt,UC/EA18.txt
EA15,EA19,1,UC/EA15.txt,UC/EA19.txt
EA15,EA2,1,UC/EA15.txt,UC/EA2.txt
EA15,EA20,1,UC/EA15.txt,UC/EA20.txt
EA15,EA21,1,UC/EA15.txt,UC/EA21.txt
EA15,EA22,1,UC/EA15.txt,UC/EA22.txt
EA15,EA23,1,UC/EA15.txt,UC/EA23.txt
EA15,EA24,1,UC/EA15.txt,UC/EA24.txt
EA15,EA25,1,UC/EA15.txt,UC/EA25.txt
EA15,EA26,1,UC/EA15.txt,UC/EA26.txt
EA15,EA27,1,UC/EA15.txt,UC/EA27.txt
EA15,EA28,1,UC/EA15.txt,UC/EA28.txt
EA15,EA29,1,UC/EA15.txt,UC/EA29.txt
EA15,EA3,1,UC/EA15.txt,UC/EA3.txt
EA15,EA30,1,UC/EA15.txt,UC/EA30.txt
EA15,EA31,1,UC/EA15.txt,UC/EA31.txt
EA15,EA32,1,UC/EA15.txt,UC/EA32.txt
EA15,EA33,1,UC/EA15.txt,UC/EA33.txt
EA15,EA34,1,UC/EA15.txt,UC/EA34.txt
EA15,EA36,1,UC/EA15.txt,UC/EA36.txt
EA15,EA37,1,UC/EA15.txt,UC/EA37.txt
EA15,EA38,1,UC/EA15.txt,UC/EA38.txt
EA15,EA4,1,UC/EA15.txt,UC/EA4.txt
EA15,EA41,1,UC/EA15.txt,UC/EA41.txt
EA15,EA5,1,UC/EA15.txt,UC/EA5.txt
EA15,EA6,1,UC/EA15.txt,UC/EA6.txt
EA15,EA7,1,UC/EA15.txt,UC/EA7.txt
EA15,EA8,1,UC/EA15.txt,UC/EA8.txt
EA15,EA9,1,UC/EA15.txt,UC/EA9.txt
EA16,EA17,1,UC/EA16.txt,UC/EA17.txt
EA16,EA18,1,UC/EA16.txt,UC/EA18.txt
EA16,EA19,1,UC/EA16.txt,UC/EA19.txt
EA16,EA2,1,UC/EA16.txt,UC/EA2.txt
EA16,EA20,1,UC/EA16.txt,UC/EA20.txt
EA16,EA21,1,UC/EA16.txt,UC/EA21.txt
EA16,EA22,1,UC/EA16.txt,UC/EA22.txt
EA16,EA23,1,UC/EA16.txt,UC/EA23.txt
EA16,EA24,1,UC/EA16.txt,UC/EA24.txt
EA16,EA25,1,UC/EA16.txt,UC/EA25.txt
EA16,EA26,1,UC/EA16.txt,UC/EA26.txt
EA16,EA27,1,UC/EA16.txt,UC/EA27.txt
EA16,EA28,1,UC/EA16.txt,UC/EA28.txt
EA16,EA29,1,UC/EA16.txt,UC/EA29.txt
EA16,EA3,1,UC/EA16.txt,UC/EA3.txt
EA16,EA30,1,UC/EA16.txt,UC/EA30.txt
EA16,EA31,1,UC/EA16.txt,UC/EA31.txt
EA16,EA32,1,UC/EA16.txt,UC/EA32.txt
EA16,EA33,1,UC/EA16.txt,UC/EA33.txt
EA16,EA34,1,UC/EA16.txt,UC/EA34.txt
EA16,EA36,1,UC/EA16.txt,UC/EA36.txt
EA16,EA37,1,UC/EA16.txt,UC/EA37.txt
EA16,EA38,1,UC/EA16.txt,UC/EA38.txt
EA16,EA4,1,UC/EA16.txt,UC/EA4.txt
EA16,EA41,1,UC/EA16.txt,UC/EA41.txt
EA16,EA5,1,UC/EA16.txt,UC/EA5.txt
EA16,EA6,1,UC/EA16.txt,UC/EA6.txt
EA16,EA7,1,UC/EA16.txt,UC/EA7.txt
EA16,EA8,1,UC/EA16.txt,UC/EA8.txt
EA16,EA9,1,UC/EA16.txt,UC/EA9.txt
EA17,EA18,1,UC/EA17.txt,UC/EA18.txt
EA17,EA19,1,UC/EA17.txt,UC/EA19.txt
EA17,EA2,1,UC/EA17.txt,UC/EA2.txt
EA17,EA20,1,UC/EA17.txt,UC/EA20.txt
EA17,EA21,1,UC/EA17.txt,UC/EA21.txt
EA17,EA22,1,UC/EA17.txt,UC/EA22.txt
EA17,EA23,1,UC/EA17.txt,UC/EA23.txt
EA17,EA24,1,UC/EA17.txt,UC/EA24.txt
EA17,EA25,1,UC/EA17.txt,UC/EA25.txt
EA17,EA26,1,UC/EA17.txt,UC/EA26.txt
EA17,EA27,1,UC/EA17.txt,UC/EA27.txt
EA17,EA28,1,UC/EA17.txt,UC/EA28.txt
EA17,EA29,1,UC/EA17.txt,UC/EA29.txt
EA17,EA3,1,UC/EA17.txt,UC/EA3.txt
EA17,EA30,1,UC/EA17.txt,UC/EA30.txt
EA17,EA31,1,UC/EA17.txt,UC/EA31.txt
EA17,EA32,1,UC/EA17.txt,UC/EA32.txt
EA17,EA33,1,UC/EA17.txt,UC/EA33.txt
EA17,EA34,1,UC/EA17.txt,UC/EA34.txt
EA17,EA36,1,UC/EA17.txt,UC/EA36.txt
EA17,EA37,1,UC/EA17.txt,UC/EA37.txt
EA17,EA38,1,UC/EA17.txt,UC/EA38.txt
EA17,EA4,1,UC/EA17.txt,UC/EA4.txt
EA17,EA41,1,UC/EA17.txt,UC/EA41.txt
EA17,EA5,1,UC/EA17.txt,UC/EA5.txt
EA17,EA6,1,UC/EA17.txt,UC/EA6.txt
EA17,EA7,1,UC/EA17.txt,UC/EA7.txt
EA17,EA8,1,UC/EA17.txt,UC/EA8.txt
EA17,EA9,1,UC/EA17.txt,UC/EA9.txt
EA18,EA19,1,UC/EA18.txt,UC/EA19.txt
EA18,EA2,1,UC/EA18.txt,UC/EA2.txt
EA18,EA20,1,UC/EA18.txt,UC/EA20.txt
EA18,EA21,1,UC/EA18.txt,UC/EA21.txt
EA18,EA22,1,UC/EA18.txt,UC/EA22.txt
EA18,EA23,1,UC/EA18.txt,UC/EA23.txt
EA18,EA24,1,UC/EA18.txt,UC/EA24.txt
EA18,EA25,1,UC/EA18.txt,UC/EA25.txt
EA18,EA26,1,UC/EA18.txt,UC/EA26.txt
EA18,EA27,1,UC/EA18.txt,UC/EA27.txt
EA18,EA28,1,UC/EA18.txt,UC/EA28.txt
EA18,EA29,1,UC/EA18.txt,UC/EA29.txt
EA18,EA3,1,UC/EA18.txt,UC/EA3.txt
EA18,EA30,1,UC/EA18.txt,UC/EA30.txt
EA18,EA31,1,UC/EA18.txt,UC/EA31.txt
EA18,EA32,1,UC/EA18.txt,UC/EA32.txt
EA18,EA33,1,UC/EA18.txt,UC/EA33.txt
EA18,EA34,1,UC/EA18.txt,UC/EA34.txt
EA18,EA36,1,UC/EA18.txt,UC/EA36.txt
EA18,EA37,1,UC/EA18.txt,UC/EA37.txt
EA18,EA38,1,UC/EA18.txt,UC/EA38.txt
EA18,EA4,1,UC/EA18.txt,UC/EA4.txt
EA18,EA41,1,UC/EA18.txt,UC/EA41.txt
EA18,EA5,1,UC/EA18.txt,UC/EA5.txt
EA18,EA6,1,UC/EA18.txt,UC/EA6.txt
EA18,EA7,1,UC/EA18.txt,UC/EA7.txt
EA18,EA8,1,UC/EA18.txt,UC/EA8.txt
EA18,EA9,1,UC/EA18.txt,UC/EA9.txt
EA19,EA2,1,UC/EA19.txt,UC/EA2.txt
EA19,EA20,1,UC/EA19.txt,UC/EA20.txt
EA19,EA21,1,UC/EA19.txt,UC/EA21.txt
EA19,EA22,1,UC/EA19.txt,UC/EA22.txt
EA19,EA23,1,UC/EA19.txt,UC/EA23.txt
EA19,EA24,1,UC/EA19.txt,UC/EA24.txt
EA19,EA25,1,UC/EA19.txt,UC/EA25.txt
EA19,EA26,1,UC/EA19.txt,UC/EA26.txt
EA19,EA27,1,UC/EA19.txt,UC/EA27.txt
EA19,EA28,1,UC/EA19.txt,UC/EA28.txt
EA19,EA29,1,UC/EA19.txt,UC/EA29.txt
EA19,EA3,1,UC/EA19.txt,UC/EA3.txt
EA19,EA30,1,UC/EA19.txt,UC/EA30.txt
EA19,EA31,1,UC/EA19.txt,UC/EA31.txt
EA19,EA32,1,UC/EA19.txt,UC/EA32.txt
EA19,EA33,1,UC/EA19.txt,UC/EA33.txt
EA19,EA34,1,UC/EA19.txt,UC/EA34.txt
EA19,EA36,1,UC/EA19.txt,UC/EA36.txt
EA19,EA37,1,UC/EA19.txt,UC/EA37.txt
EA19,EA38,1,UC/EA19.txt,UC/EA38.txt
EA19,EA4,1,UC/EA19.txt,UC/EA4.txt
EA19,EA41,1,UC/EA19.txt,UC/EA41.txt
EA19,EA5,1,UC/EA19.txt,UC/EA5.txt
EA19,EA6,1,UC/EA19.txt,UC/EA6.txt
EA19,EA7,1,UC/EA19.txt,UC/EA7.txt
EA19,EA8,1,UC/EA19.txt,UC/EA8.txt
EA19,EA9,1,UC/EA19.txt,UC/EA9.txt
EA2,EA20,1,UC/EA2.txt,UC/EA20.txt
EA2,EA21,1,UC/EA2.txt,UC/EA21.txt
EA2,EA22,1,UC/EA2.txt,UC/EA22.txt
EA2,EA23,1,UC/EA2.txt,UC/EA23.txt
EA2,EA24,1,UC/EA2.txt,UC/EA24.txt
EA2,EA25,1,UC/EA2.txt,UC/EA25.txt
EA2,EA26,1,UC/EA2.txt,UC/EA26.txt
EA2,EA27,1,UC/EA2.txt,UC/EA27.txt
EA2,EA28,1,UC/EA2.txt,UC/EA28.txt
EA2,EA29,1,UC/EA2.txt,UC/EA29.txt
EA2,EA3,1,UC/EA2.txt,UC/EA3.txt
EA2,EA30,1,UC/EA2.txt,UC/EA30.txt
EA2,EA31,1,UC/EA2.txt,UC/EA31.txt
EA2,EA32,1,UC/EA2.txt,UC/EA32.txt
EA2,EA33,1,UC/EA2.txt,UC/EA33.txt
EA2,EA34,1,UC/EA2.txt,UC/EA34.txt
EA2,EA36,1,UC/EA2.txt,UC/EA36.txt
EA2,EA37,1,UC/EA2.txt,UC/EA37.txt
EA2,EA38,1,UC/EA2.txt,UC/EA38.txt
EA2,EA4,1,UC/EA2.txt,UC/EA4.txt
EA2,EA41,1,UC/EA2.txt,UC/EA41.txt
EA2,EA5,1,UC/EA2.txt,UC/EA5.txt
EA2,EA6,1,UC/EA2.txt,UC/EA6.txt
EA2,EA7,1,UC/EA2.txt,UC/EA7.txt
EA2,EA8,1,UC/EA2.txt,UC/EA8.txt
EA2,EA9,1,UC/EA2.txt,UC/EA9.txt
EA20,EA21,1,UC/EA20.txt,UC/EA21.txt
EA20,EA22,1,UC/EA20.txt,UC/EA22.txt
EA20,EA23,1,UC/EA20.txt,UC/EA23.txt
EA20,EA24,1,UC/EA20.txt,UC/EA24.txt
EA20,EA25,1,UC/EA20.txt,UC/EA25.txt
EA20,EA26,1,UC/EA20.txt,UC/EA26.txt
EA20,EA27,1,UC/EA20.txt,UC/EA27.txt
EA20,EA28,1,UC/EA20.txt,UC/EA28.txt
EA20,EA29,1,UC/EA20.txt,UC/EA29.txt
EA20,EA3,1,UC/EA20.txt,UC/EA3.txt
EA20,EA30,1,UC/EA20.txt,UC/EA30.txt
EA20,EA31,1,UC/EA20.txt,UC/EA31.txt
EA20,EA32,1,UC/EA20.txt,UC/EA32.txt
EA20,EA33,1,UC/EA20.txt,UC/EA33.txt
EA20,EA34,1,UC/EA20.txt,UC/EA34.txt
EA20,EA36,1,UC/EA20.txt,UC/EA36.txt
EA20,EA37,1,UC/EA20.txt,UC/EA37.txt
EA20,EA38,1,UC/EA20.txt,UC/EA38.txt
EA20,EA4,1,UC/EA20.txt,UC/EA4.txt
EA20,EA41,1,UC/EA20.txt,UC/EA41.txt
EA20,EA5,1,UC/EA20.txt,UC/EA5.txt
EA20,EA6,1,UC/EA20.txt,UC/EA6.txt
EA20,EA7,1,UC/EA20.txt,UC/EA7.txt
EA20,EA8,1,UC/EA20.txt,UC/EA8.txt
EA20,EA9,1,UC/EA20.txt,UC/EA9.txt
EA21,EA22,1,UC/EA21.txt,UC/EA22.txt
EA21,EA23,1,UC/EA21.txt,UC/EA23.txt
EA21,EA24,1,UC/EA21.txt,UC/EA24.txt
EA21,EA25,1,UC/EA21.txt,UC/EA25.txt
EA21,EA26,1,UC/EA21.txt,UC/EA26.txt
EA21,EA27,1,UC/EA21.txt,UC/EA27.txt
EA21,EA28,1,UC/EA21.txt,UC/EA28.txt
EA21,EA29,1,UC/EA21.txt,UC/EA29.txt
EA21,EA3,1,UC/EA21.txt,UC/EA3.txt
EA21,EA30,1,UC/EA21.txt,UC/EA30.txt
EA21,EA31,1,UC/EA21.txt,UC/EA31.txt
EA21,EA32,1,UC/EA21.txt,UC/EA32.txt
EA21,EA33,1,UC/EA21.txt,UC/EA33.txt
EA21,EA34,1,UC/EA21.txt,UC/EA34.txt
EA21,EA36,1,UC/EA21.txt,UC/EA36.txt
EA21,EA37,1,UC/EA21.txt,UC/EA37.txt
EA21,EA38,1,UC/EA21.txt,UC/EA38.txt
EA21,EA4,1,UC/EA21.txt,UC/EA4.txt
EA21,EA41,1,UC/EA21.txt,UC/EA41.txt
EA21,EA5,1,UC/EA21.txt,UC/EA5.txt
EA21,EA6,1,UC/EA21.txt,UC/EA6.txt
EA21,EA7,1,UC/EA21.txt,UC/EA7.txt
EA21,EA8,1,UC/EA21.txt,UC/EA8.txt
EA21,EA9,1,UC/EA21.txt,UC/EA9.txt
EA22,EA23,1,UC/EA22.txt,UC/EA23.txt
EA22,EA24,1,UC/EA22.txt,UC/EA24.txt
EA22,EA25,1,UC/EA22.txt,UC/EA25.txt
EA22,EA26,1,UC/EA22.txt,UC/EA26.txt
EA22,EA27,1,UC/EA22.txt,UC/EA27.txt
EA22,EA28,1,UC/EA22.txt,UC/EA28.txt
EA22,EA29,1,UC/EA22.txt,UC/EA29.txt
EA22,EA3,1,UC/EA22.txt,UC/EA3.txt
EA22,EA30,1,UC/EA22.txt,UC/EA30.txt
EA22,EA31,1,UC/EA22.txt,UC/EA31.txt
EA22,EA32,1,UC/EA22.txt,UC/EA32.txt
EA22,EA33,1,UC/EA22.txt,UC/EA33.txt
EA22,EA34,1,UC/EA22.txt,UC/EA34.txt
EA22,EA36,1,UC/EA22.txt,UC/EA36.txt
EA22,EA37,1,UC/EA22.txt,UC/EA37.txt
EA22,EA38,1,UC/EA22.txt,UC/EA38.txt
EA22,EA4,1,UC/EA22.txt,UC/EA4.txt
EA22,EA41,1,UC/EA22.txt,UC/EA41.txt
EA22,EA5,1,UC/EA22.txt,UC/EA5.txt
EA22,EA6,1,UC/EA22.txt,UC/EA6.txt
EA22,EA7,1,UC/EA22.txt,UC/EA7.txt
EA22,EA8,1,UC/EA22.txt,UC/EA8.txt
EA22,EA9,1,UC/EA22.txt,UC/EA9.txt
EA23,EA24,1,UC/EA23.txt,UC/EA24.txt
EA23,EA25,1,UC/EA23.txt,UC/EA25.txt
EA23,EA26,1,UC/EA23.txt,UC/EA26.txt
EA23,EA27,1,UC/EA23.txt,UC/EA27.txt
EA23,EA28,1,UC/EA23.txt,UC/EA28.txt
EA23,EA29,1,UC/EA23.txt,UC/EA29.txt
EA23,EA3,1,UC/EA23.txt,UC/EA3.txt
EA23,EA30,1,UC/EA23.txt,UC/EA30.txt
EA23,EA31,1,UC/EA23.txt,UC/EA31.txt
EA23,EA32,1,UC/EA23.txt,UC/EA32.txt
EA23,EA33,0,UC/EA23.txt,UC/EA33.txt
EA23,EA34,0,UC/EA23.txt,UC/EA34.txt
EA23,EA36,1,UC/EA23.txt,UC/EA36.txt
EA23,EA37,1,UC/EA23.txt,UC/EA37.txt
EA23,EA38,1,UC/EA23.txt,UC/EA38.txt
EA23,EA4,1,UC/EA23.txt,UC/EA4.txt
EA23,EA41,1,UC/EA23.txt,UC/EA41.txt
EA23,EA5,1,UC/EA23.txt,UC/EA5.txt
EA23,EA6,1,UC/EA23.txt,UC/EA6.txt
EA23,EA7,1,UC/EA23.txt,UC/EA7.txt
EA23,EA8,1,UC/EA23.txt,UC/EA8.txt
EA23,EA9,1,UC/EA23.txt,UC/EA9.txt
EA24,EA25,1,UC/EA24.txt,UC/EA25.txt
EA24,EA26,1,UC/EA24.txt,UC/EA26.txt
EA24,EA27,1,UC/EA24.txt,UC/EA27.txt
EA24,EA28,1,UC/EA24.txt,UC/EA28.txt
EA24,EA29,1,UC/EA24.txt,UC/EA29.txt
EA24,EA3,1,UC/EA24.txt,UC/EA3.txt
EA24,EA30,1,UC/EA24.txt,UC/EA30.txt
EA24,EA31,1,UC/EA24.txt,UC/EA31.txt
EA24,EA32,1,UC/EA24.txt,UC/EA32.txt
EA24,EA33,1,UC/EA24.txt,UC/EA33.txt
EA24,EA34,1,UC/EA24.txt,UC/EA34.txt
EA24,EA36,1,UC/EA24.txt,UC/EA36.txt
EA24,EA37,1,UC/EA24.txt,UC/EA37.txt
EA24,EA38,1,UC/EA24.txt,UC/EA38.txt
EA24,EA4,1,UC/EA24.txt,UC/EA4.txt
EA24,EA41,1,UC/EA24.txt,UC/EA41.txt
EA24,EA5,1,UC/EA24.txt,UC/EA5.txt
EA24,EA6,1,UC/EA24.txt,UC/EA6.txt
EA24,EA7,1,UC/EA24.txt,UC/EA7.txt
EA24,EA8,1,UC/EA24.txt,UC/EA8.txt
EA24,EA9,1,UC/EA24.txt,UC/EA9.txt
EA25,EA26,1,UC/EA25.txt,UC/EA26.txt
EA25,EA27,1,UC/EA25.txt,UC/EA27.txt
EA25,EA28,1,UC/EA25.txt,UC/EA28.txt
EA25,EA29,1,UC/EA25.txt,UC/EA29.txt
EA25,EA3,1,UC/EA25.txt,UC/EA3.txt
EA25,EA30,1,UC/EA25.txt,UC/EA30.txt
EA25,EA31,1,UC/EA25.txt,UC/EA31.txt
EA25,EA32,1,UC/EA25.txt,UC/EA32.txt
EA25,EA33,1,UC/EA25.txt,UC/EA33.txt
EA25,EA34,1,UC/EA25.txt,UC/EA34.txt
EA25,EA36,1,UC/EA25.txt,UC/EA36.txt
EA25,EA37,1,UC/EA25.txt,UC/EA37.txt
EA25,EA38,1,UC/EA25.txt,UC/EA38.txt
EA25,EA4,1,UC/EA25.txt,UC/EA4.txt
EA25,EA41,1,UC/EA25.txt,UC/EA41.txt
EA25,EA5,1,UC/EA25.txt,UC/EA5.txt
EA25,EA6,1,UC/EA25.txt,UC/EA6.txt
EA25,EA7,1,UC/EA25.txt,UC/EA7.txt
EA25,EA8,1,UC/EA25.txt,UC/EA8.txt
EA25,EA9,1,UC/EA25.txt,UC/EA9.txt
EA26,EA27,1,UC/EA26.txt,UC/EA27.txt
EA26,EA28,1,UC/EA26.txt,UC/EA28.txt
EA26,EA29,1,UC/EA26.txt,UC/EA29.txt
EA26,EA3,1,UC/EA26.txt,UC/EA3.txt
EA26,EA30,1,UC/EA26.txt,UC/EA30.txt
EA26,EA31,1,UC/EA26.txt,UC/EA31.txt
EA26,EA32,1,UC/EA26.txt,UC/EA32.txt
EA26,EA33,1,UC/EA26.txt,UC/EA33.txt
EA26,EA34,1,UC/EA26.txt,UC/EA34.txt
EA26,EA36,1,UC/EA26.txt,UC/EA36.txt
EA26,EA37,1,UC/EA26.txt,UC/EA37.txt
EA26,EA38,1,UC/EA26.txt,UC/EA38.txt
EA26,EA4,1,UC/EA26.txt,UC/EA4.txt
EA26,EA41,1,UC/EA26.txt,UC/EA41.txt
EA26,EA5,1,UC/EA26.txt,UC/EA5.txt
EA26,EA6,1,UC/EA26.txt,UC/EA6.txt
EA26,EA7,1,UC/EA26.txt,UC/EA7.txt
EA26,EA8,1,UC/EA26.txt,UC/EA8.txt
EA26,EA9,1,UC/EA26.txt,UC/EA9.txt
EA27,EA28,1,UC/EA27.txt,UC/EA28.txt
EA27,EA29,1,UC/EA27.txt,UC/EA29.txt
EA27,EA3,1,UC/EA27.txt,UC/EA3.txt
EA27,EA30,1,UC/EA27.txt,UC/EA30.txt
EA27,EA31,1,UC/EA27.txt,UC/EA31.txt
EA27,EA32,1,UC/EA27.txt,UC/EA32.txt
EA27,EA33,1,UC/EA27.txt,UC/EA33.txt
EA27,EA34,1,UC/EA27.txt,UC/EA34.txt
EA27,EA36,1,UC/EA27.txt,UC/EA36.txt
EA27,EA37,1,UC/EA27.txt,UC/EA37.txt
EA27,EA38,1,UC/EA27.txt,UC/EA38.txt
EA27,EA4,1,UC/EA27.txt,UC/EA4.txt
EA27,EA41,1,UC/EA27.txt,UC/EA41.txt
EA27,EA5,1,UC/EA27.txt,UC/EA5.txt
EA27,EA6,1,UC/EA27.txt,UC/EA6.txt
EA27,EA7,1,UC/EA27.txt,UC/EA7.txt
EA27,EA8,1,UC/EA27.txt,UC/EA8.txt
EA27,EA9,1,UC/EA27.txt,UC/EA9.txt
EA28,EA29,1,UC/EA28.txt,UC/EA29.txt
EA28,EA3,1,UC/EA28.txt,UC/EA3.txt
EA28,EA30,1,UC/EA28.txt,UC/EA30.txt
EA28,EA31,1,UC/EA28.txt,UC/EA31.txt
EA28,EA32,1,UC/EA28.txt,UC/EA32.txt
EA28,EA33,1,UC/EA28.txt,UC/EA33.txt
EA28,EA34,1,UC/EA28.txt,UC/EA34.txt
EA28,EA36,1,UC/EA28.txt,UC/EA36.txt
EA28,EA37,1,UC/EA28.txt,UC/EA37.txt
EA28,EA38,1,UC/EA28.txt,UC/EA38.txt
EA28,EA4,1,UC/EA28.txt,UC/EA4.txt
EA28,EA41,1,UC/EA28.txt,UC/EA41.txt
EA28,EA5,1,UC/EA28.txt,UC/EA5.txt
EA28,EA6,1,UC/EA28.txt,UC/EA6.txt
EA28,EA7,1,UC/EA28.txt,UC/EA7.txt
EA28,EA8,1,UC/EA28.txt,UC/EA8.txt
EA28,EA9,1,UC/EA28.txt,UC/EA9.txt
EA29,EA3,1,UC/EA29.txt,UC/EA3.txt
EA29,EA30,1,UC/EA29.txt,UC/EA30.txt
EA29,EA31,1,UC/EA29.txt,UC/EA31.txt
EA29,EA32,1,UC/EA29.txt,UC/EA32.txt
EA29,EA33,1,UC/EA29.txt,UC/EA33.txt
EA29,EA34,1,UC/EA29.txt,UC/EA34.txt
EA29,EA36,1,UC/EA29.txt,UC/EA36.txt
EA29,EA37,1,UC/EA29.txt,UC/EA37.txt
EA29,EA38,1,UC/EA29.txt,UC/EA38.txt
EA29,EA4,1,UC/EA29.txt,UC/EA4.txt
EA29,EA41,1,UC/EA29.txt,UC/EA41.txt
EA29,EA5,1,UC/EA29.txt,UC/EA5.txt
EA29,EA6,1,UC/EA29.txt,UC/EA6.txt
EA29,EA7,1,UC/EA29.txt,UC/EA7.txt
EA29,EA8,1,UC/EA29.txt,UC/EA8.txt
EA29,EA9,1,UC/EA29.txt,UC/EA9.txt
EA3,EA30,1,UC/EA3.txt,UC/EA30.txt
EA3,EA31,1,UC/EA3.txt,UC/EA31.txt
EA3,EA32,1,UC/EA3.txt,UC/EA32.txt
EA3,EA33,1,UC/EA3.txt,UC/EA33.txt
EA3,EA34,1,UC/EA3.txt,UC/EA34.txt
EA3,EA36,1,UC/EA3.txt,UC/EA36.txt
EA3,EA37,1,UC/EA3.txt,UC/EA37.txt
EA3,EA38,1,UC/EA3.txt,UC/EA38.txt
EA3,EA4,1,UC/EA3.txt,UC/EA4.txt
EA3,EA41,1,UC/EA3.txt,UC/EA41.txt
EA3,EA5,1,UC/EA3.txt,UC/EA5.txt
EA3,EA6,1,UC/EA3.txt,UC/EA6.txt
EA3,EA7,1,UC/EA3.txt,UC/EA7.txt
EA3,EA8,1,UC/EA3.txt,UC/EA8.txt
EA3,EA9,1,UC/EA3.txt,UC/EA9.txt
EA30,EA31,1,UC/EA30.txt,UC/EA31.txt
EA30,EA32,1,UC/EA30.txt,UC/EA32.txt
EA30,EA33,1,UC/EA30.txt,UC/EA33.txt
EA30,EA34,1,UC/EA30.txt,UC/EA34.txt
EA30,EA36,1,UC/EA30.txt,UC/EA36.txt
EA30,EA37,1,UC/EA30.txt,UC/EA37.txt
EA30,EA38,1,UC/EA30.txt,UC/EA38.txt
EA30,EA4,1,UC/EA30.txt,UC/EA4.txt
EA30,EA41,1,UC/EA30.txt,UC/EA41.txt
EA30,EA5,1,UC/EA30.txt,UC/EA5.txt
EA30,EA6,1,UC/EA30.txt,UC/EA6.txt
EA30,EA7,1,UC/EA30.txt,UC/EA7.txt
EA30,EA8,1,UC/EA30.txt,UC/EA8.txt
EA30,EA9,1,UC/EA30.txt,UC/EA9.txt
EA31,EA32,1,UC/EA31.txt,UC/EA32.txt
EA31,EA33,1,UC/EA31.txt,UC/EA33.txt
EA31,EA34,1,UC/EA31.txt,UC/EA34.txt
EA31,EA36,1,UC/EA31.txt,UC/EA36.txt
EA31,EA37,1,UC/EA31.txt,UC/EA37.txt
EA31,EA38,1,UC/EA31.txt,UC/EA38.txt
EA31,EA4,1,UC/EA31.txt,UC/EA4.txt
EA31,EA41,1,UC/EA31.txt,UC/EA41.txt
EA31,EA5,1,UC/EA31.txt,UC/EA5.txt
EA31,EA6,1,UC/EA31.txt,UC/EA6.txt
EA31,EA7,1,UC/EA31.txt,UC/EA7.txt
EA31,EA8,1,UC/EA31.txt,UC/EA8.txt
EA31,EA9,1,UC/EA31.txt,UC/EA9.txt
EA32,EA33,1,UC/EA32.txt,UC/EA33.txt
EA32,EA34,1,UC/EA32.txt,UC/EA34.txt
EA32,EA36,1,UC/EA32.txt,UC/EA36.txt
EA32,EA37,1,UC/EA32.txt,UC/EA37.txt
EA32,EA38,1,UC/EA32.txt,UC/EA38.txt
EA32,EA4,1,UC/EA32.txt,UC/EA4.txt
EA32,EA41,1,UC/EA32.txt,UC/EA41.txt
EA32,EA5,1,UC/EA32.txt,UC/EA5.txt
EA32,EA6,1,UC/EA32.txt,UC/EA6.txt
EA32,EA7,1,UC/EA32.txt,UC/EA7.txt
EA32,EA8,1,UC/EA32.txt,UC/EA8.txt
EA32,EA9,1,UC/EA32.txt,UC/EA9.txt
EA33,EA34,1,UC/EA33.txt,UC/EA34.txt
EA33,EA36,1,UC/EA33.txt,UC/EA36.txt
EA33,EA37,1,UC/EA33.txt,UC/EA37.txt
EA33,EA38,1,UC/EA33.txt,UC/EA38.txt
EA33,EA4,1,UC/EA33.txt,UC/EA4.txt
EA33,EA41,1,UC/EA33.txt,UC/EA41.txt
EA33,EA5,1,UC/EA33.txt,UC/EA5.txt
EA33,EA6,1,UC/EA33.txt,UC/EA6.txt
EA33,EA7,1,UC/EA33.txt,UC/EA7.txt
EA33,EA8,1,UC/EA33.txt,UC/EA8.txt
EA33,EA9,1,UC/EA33.txt,UC/EA9.txt
EA34,EA36,1,UC/EA34.txt,UC/EA36.txt
EA34,EA37,1,UC/EA34.txt,UC/EA37.txt
EA34,EA38,1,UC/EA34.txt,UC/EA38.txt
EA34,EA4,1,UC/EA34.txt,UC/EA4.txt
EA34,EA41,1,UC/EA34.txt,UC/EA41.txt
EA34,EA5,1,UC/EA34.txt,UC/EA5.txt
EA34,EA6,1,UC/EA34.txt,UC/EA6.txt
EA34,EA7,1,UC/EA34.txt,UC/EA7.txt
EA34,EA8,1,UC/EA34.txt,UC/EA8.txt
EA34,EA9,1,UC/EA34.txt,UC/EA9.txt
EA36,EA37,1,UC/EA36.txt,UC/EA37.txt
EA36,EA38,1,UC/EA36.txt,UC/EA38.txt
EA36,EA4,1,UC/EA36.txt,UC/EA4.txt
EA36,EA41,1,UC/EA36.txt,UC/EA41.txt
EA36,EA5,1,UC/EA36.txt,UC/EA5.txt
EA36,EA6,1,UC/EA36.txt,UC/EA6.txt
EA36,EA7,1,UC/EA36.txt,UC/EA7.txt
EA36,EA8,1,UC/EA36.txt,UC/EA8.txt
EA36,EA9,1,UC/EA36.txt,UC/EA9.txt
EA37,EA38,1,UC/EA37.txt,UC/EA38.txt
EA37,EA4,1,UC/EA37.txt,UC/EA4.txt
EA37,EA41,1,UC/EA37.txt,UC/EA41.txt
EA37,EA5,1,UC/EA37.txt,UC/EA5.txt
EA37,EA6,1,UC/EA37.txt,UC/EA6.txt
EA37,EA7,1,UC/EA37.txt,UC/EA7.txt
EA37,EA8,1,UC/EA37.txt,UC/EA8.txt
EA37,EA9,1,UC/EA37.txt,UC/EA9.txt
EA38,EA4,1,UC/EA38.txt,UC/EA4.txt
EA38,EA41,1,UC/EA38.txt,UC/EA41.txt
EA38,EA5,1,UC/EA38.txt,UC/EA5.txt
EA38,EA6,1,UC/EA38.txt,UC/EA6.txt
EA38,EA7,1,UC/EA38.txt,UC/EA7.txt
EA38,EA8,1,UC/EA38.txt,UC/EA8.txt
EA38,EA9,1,UC/EA38.txt,UC/EA9.txt
EA4,EA41,1,UC/EA4.txt,UC/EA41.txt
EA4,EA5,1,UC/EA4.txt,UC/EA5.txt
EA4,EA6,1,UC/EA4.txt,UC/EA6.txt
EA4,EA7,1,UC/EA4.txt,UC/EA7.txt
EA4,EA8,1,UC/EA4.txt,UC/EA8.txt
EA4,EA9,1,UC/EA4.txt,UC/EA9.txt
EA41,EA5,1,UC/EA41.txt,UC/EA5.txt
EA41,EA6,1,UC/EA41.txt,UC/EA6.txt
EA41,EA7,1,UC/EA41.txt,UC/EA7.txt
EA41,EA8,1,UC/EA41.txt,UC/EA8.txt
EA41,EA9,1,UC/EA41.txt,UC/EA9.txt
EA5,EA6,1,UC/EA5.txt,UC/EA6.txt
EA5,EA7,1,UC/EA5.txt,UC/EA7.txt
EA5,EA8,1,UC/EA5.txt,UC/EA8.txt
EA5,EA9,1,UC/EA5.txt,UC/EA9.txt
EA6,EA7,1,UC/EA6.txt,UC/EA7.txt
EA6,EA8,1,UC/EA6.txt,UC/EA8.txt
EA6,EA9,1,UC/EA6.txt,UC/EA9.txt
EA7,EA8,1,UC/EA7.txt,UC/EA8.txt
EA7,EA9,1,UC/EA7.txt,UC/EA9.txt
EA8,EA9,1,UC/EA8.txt,UC/EA9.txt
