id,doc
EA140,CC/EA140.txt
EA141,CC/EA141.txt
EA142,CC/EA142.txt
EA143,CC/EA143.txt
EA144,CC/EA144.txt
EA145,CC/EA145.txt
EA146,CC/EA146.txt
EA147,CC/EA147.txt
EA148,CC/EA148.txt
EA149,CC/EA149.txt
EA150,CC/EA150.txt
EA151,CC/EA151.txt
EA152,CC/EA152.txt
EA153,CC/EA153.txt
EA154,CC/EA154.txt
EA155,CC/EA155.txt
EA156,CC/EA156.txt
EA157,CC/EA157.txt
EA158,CC/EA158.txt
EA159,CC/EA159.txt
EA160,CC/EA160.txt
EA161,CC/EA161.txt
EA162,CC/EA162.txt
EA163,CC/EA163.txt
EA164,CC/EA164.txt
EA165,CC/EA165.txt
EA166,CC/EA166.txt
EA167,CC/EA167.txt
EA168,CC/EA168.txt
EA169,CC/EA169.txt
EA170,CC/EA170.txt
EA171,CC/EA171.txt
EA172,CC/EA172.txt
EA173,CC/EA173.txt
EA174,CC/EA174.txt
EA175,CC/EA175.txt
EA176,CC/EA176.txt
EA177,CC/EA177.txt
EA178,CC/EA178.txt
EA179,CC/EA179.txt
EA180,CC/EA180.txt
EA181,CC/EA181.txt
EA182,CC/EA182.txt
EA183,CC/EA183.txt
EA184,CC/EA184.txt
EA185,CC/EA185.txt
EA186,CC/EA186.txt
EA187,CC/EA187.txt
EA188,CC/EA188.txt
EA189,CC/EA189.txt
EA190,CC/EA190.txt
EA191,CC/EA191.txt
EA192,CC/EA192.txt
EA193,CC/EA193.txt
EA194,CC/EA194.txt
