id1,id2,label,doc1,doc2
EA140,EA141,1,CC/EA140.txt,CC/EA141.txt
EA140,EA142,1,CC/EA140.txt,CC/EA142.txt
EA140,EA143,1,CC/EA140.txt,CC/EA143.txt
EA140,EA144,1,CC/EA140.txt,CC/EA144.txt
EA140,EA145,1,CC/EA140.txt,CC/EA145.txt
EA140,EA146,1,CC/EA140.txt,CC/EA146.txt
EA140,EA147,1,CC/EA140.txt,CC/EA147.txt
EA140,EA148,1,CC/EA140.txt,CC/EA148.txt
EA140,EA149,1,CC/EA140.txt,CC/EA149.txt
EA140,EA150,1,CC/EA140.txt,CC/EA150.txt
EA140,EA151,1,CC/EA140.txt,CC/EA151.txt
EA140,EA152,1,CC/EA140.txt,CC/EA152.txt
EA140,EA153,1,CC/EA140.txt,CC/EA153.txt
EA140,EA154,1,CC/EA140.txt,CC/EA154.txt
EA140,EA155,1,CC/EA140.txt,CC/EA155.txt
EA140,EA156,1,CC/EA140.txt,CC/EA156.txt
EA140,EA157,1,CC/EA140.txt,CC/EA157.txt
EA140,EA158,1,CC/EA140.txt,CC/EA158.txt
EA140,EA159,1,CC/EA140.txt,CC/EA159.txt
EA140,EA160,1,CC/EA140.txt,CC/EA160.txt
EA140,EA161,1,CC/EA140.txt,CC/EA161.txt
EA140,EA162,1,CC/EA140.txt,CC/EA162.txt
EA140,EA163,1,CC/EA140.txt,CC/EA163.txt
EA140,EA164,1,CC/EA140.txt,CC/EA164.txt
EA140,EA165,1,CC/EA140.txt,CC/EA165.txt
EA140,EA166,1,CC/EA140.txt,CC/EA166.txt
EA140,EA167,1,CC/EA140.txt,CC/EA167.txt
EA140,EA168,1,CC/EA140.txt,CC/EA168.txt
EA140,EA169,1,CC/EA140.txt,CC/EA169.txt
EA140,EA170,1,CC/EA140.txt,CC/EA170.txt
EA140,EA171,1,CC/EA140.txt,CC/EA171.txt
EA140,EA172,1,CC/EA140.txt,CC/EA172.txt
EA140,EA173,1,CC/EA140.txt,CC/EA173.txt
EA140,EA174,1,CC/EA140.txt,CC/EA174.txt
EA140,EA175,1,CC/EA140.txt,CC/EA175.txt
EA140,EA176,1,CC/EA140.txt,CC/EA176.txt
EA140,EA177,1,CC/EA140.txt,CC/EA177.txt
EA140,EA178,1,CC/EA140.txt,CC/EA178.txt
EA140,EA179,1,CC/EA140.txt,CC/EA179.txt
EA140,EA180,1,CC/EA140.txt,CC/EA180.txt
EA140,EA181,1,CC/EA140.txt,CC/EA181.txt
EA140,EA182,1,CC/EA140.txt,CC/EA182.txt
EA140,EA183,1,CC/EA140.txt,CC/EA183.txt
EA140,EA184,1,CC/EA140.txt,CC/EA184.txt
EA140,EA185,1,CC/EA140.txt,CC/EA185.txt
EA140,EA186,1,CC/EA140.txt,CC/EA186.txt
EA140,EA187,1,CC/EA140.txt,CC/EA187.txt
EA140,EA188,1,CC/EA140.txt,CC/EA188.txt
EA140,EA189,1,CC/EA140.txt,CC/EA189.txt
EA140,EA190,1,CC/EA140.txt,CC/EA190.txt
EA140,EA191,1,CC/EA140.txt,CC/EA191.txt
EA140,EA192,1,CC/EA140.txt,CC/EA192.txt
EA140,EA193,1,CC/EA140.txt,CC/EA193.txt
EA140,EA194,1,CC/EA140.txt,CC/EA194.txt
EA141,EA142,1,CC/EA141.txt,CC/EA142.txt
EA141,EA143,1,CC/EA141.txt,CC/EA143.txt
EA141,EA144,1,CC/EA141.txt,CC/EA144.txt
EA141,EA145,1,CC/EA141.txt,CC/EA145.txt
EA141,EA146,1,CC/EA141.txt,CC/EA146.txt
EA141,EA147,1,CC/EA141.txt,CC/EA147.txt
EA141,EA148,1,CC/EA141.txt,CC/EA148.txt
EA141,EA149,1,CC/EA141.txt,CC/EA149.txt
EA141,EA150,1,CC/EA141.txt,CC/EA150.txt
EA141,EA151,1,CC/EA141.txt,CC/EA151.txt
EA141,EA152,1,CC/EA141.txt,CC/EA152.txt
EA141,EA153,1,CC/EA141.txt,CC/EA153.txt
EA141,EA154,1,CC/EA141.txt,CC/EA154.txt
EA141,EA155,1,CC/EA141.txt,CC/EA155.txt
EA141,EA156,1,CC/EA141.txt,CC/EA156.txt
EA141,EA157,1,CC/EA141.txt,CC/EA157.txt
EA141,EA158,1,CC/EA141.txt,CC/EA158.txt
EA141,EA159,1,CC/EA141.txt,CC/EA159.txt
EA141,EA160,1,CC/EA141.txt,CC/EA160.txt
EA141,EA161,1,CC/EA141.txt,CC/EA161.txt
EA141,EA162,1,CC/EA141.txt,CC/EA162.txt
EA141,EA163,1,CC/EA141.txt,CC/EA163.txt
EA141,EA164,1,CC/EA141.txt,CC/EA164.txt
EA141,EA165,1,CC/EA141.txt,CC/EA165.txt
EA141,EA166,1,CC/EA141.txt,CC/EA166.txt
EA141,EA167,1,CC/EA141.txt,CC/EA167.txt
EA141,EA168,1,CC/EA141.txt,CC/EA168.txt
EA141,EA169,1,CC/EA141.txt,CC/EA169.txt
EA141,EA170,1,CC/EA141.txt,CC/EA170.txt
EA141,EA171,1,CC/EA141.txt,CC/EA171.txt
EA141,EA172,1,CC/EA141.txt,CC/EA172.txt
EA141,EA173,1,CC/EA141.txt,CC/EA173.txt
EA141,EA174,1,CC/EA141.txt,CC/EA174.txt
EA141,EA175,1,CC/EA141.txt,CC/EA175.txt
EA141,EA176,1,CC/EA141.txt,CC/EA176.txt
EA141,EA177,1,CC/EA141.txt,CC/EA177.txt
EA141,EA178,1,CC/EA141.txt,CC/EA178.txt
EA141,EA179,1,CC/EA141.txt,CC/EA179.txt
EA141,EA180,1,CC/EA141.txt,CC/EA180.txt
EA141,EA181,1,CC/EA141.txt,CC/EA181.txt
EA141,EA182,1,CC/EA141.txt,CC/EA182.txt
EA141,EA183,1,CC/EA141.txt,CC/EA183.txt
EA141,EA184,1,CC/EA141.txt,CC/EA184.txt
EA141,EA185,1,CC/EA141.txt,CC/EA185.txt
EA141,EA186,1,CC/EA141.txt,CC/EA186.txt
EA141,EA187,1,CC/EA141.txt,CC/EA187.txt
EA141,EA188,1,CC/EA141.txt,CC/EA188.txt
EA141,EA189,1,CC/EA141.txt,CC/EA189.txt
EA141,EA190,1,CC/EA141.txt,CC/EA190.txt
EA141,EA191,1,CC/EA141.txt,CC/EA191.txt
EA141,EA192,1,CC/EA141.txt,CC/EA192.txt
EA141,EA193,1,CC/EA141.txt,CC/EA193.txt
EA141,EA194,1,CC/EA141.txt,CC/EA194.txt
EA142,EA143,1,CC/EA142.txt,CC/EA143.txt
EA142,EA144,1,CC/EA142.txt,CC/EA144.txt
EA142,EA145,1,CC/EA142.txt,CC/EA145.txt
EA142,EA146,1,CC/EA142.txt,CC/EA146.txt
EA142,EA147,1,CC/EA142.txt,CC/EA147.txt
EA142,EA148,1,CC/EA142.txt,CC/EA148.txt
EA142,EA149,1,CC/EA142.txt,CC/EA149.txt
EA142,EA150,1,CC/EA142.txt,CC/EA150.txt
EA142,EA151,1,CC/EA142.txt,CC/EA151.txt
EA142,EA152,1,CC/EA142.txt,CC/EA152.txt
EA142,EA153,1,CC/EA142.txt,CC/EA153.txt
EA142,EA154,1,CC/EA142.txt,CC/EA154.txt
EA142,EA155,1,CC/EA142.txt,CC/EA155.txt
EA142,EA156,1,CC/EA142.txt,CC/EA156.txt
EA142,EA157,1,CC/EA142.txt,CC/EA157.txt
EA142,EA158,1,CC/EA142.txt,CC/EA158.txt
EA142,EA159,1,CC/EA142.txt,CC/EA159.txt
EA142,EA160,1,CC/EA142.txt,CC/EA160.txt
EA142,EA161,1,CC/EA142.txt,CC/EA161.txt
EA142,EA162,1,CC/EA142.txt,CC/EA162.txt
EA142,EA163,1,CC/EA142.txt,CC/EA163.txt
EA142,EA164,1,CC/EA142.txt,CC/EA164.txt
EA142,EA165,1,CC/EA142.txt,CC/EA165.txt
EA142,EA166,1,CC/EA142.txt,CC/EA166.txt
EA142,EA167,1,CC/EA142.txt,CC/EA167.txt
EA142,EA168,1,CC/EA142.txt,CC/EA168.txt
EA142,EA169,1,CC/EA142.txt,CC/EA169.txt
EA142,EA170,1,CC/EA142.txt,CC/EA170.txt
EA142,EA171,1,CC/EA142.txt,CC/EA171.txt
EA142,EA172,1,CC/EA142.txt,CC/EA172.txt
EA142,EA173,1,CC/EA142.txt,CC/EA173.txt
EA142,EA174,1,CC/EA142.txt,CC/EA174.txt
EA142,EA175,1,CC/EA142.txt,CC/EA175.txt
EA142,EA176,1,CC/EA142.txt,CC/EA176.txt
EA142,EA177,1,CC/EA142.txt,CC/EA177.txt
EA142,EA178,1,CC/EA142.txt,CC/EA178.txt
EA142,EA179,1,CC/EA142.txt,CC/EA179.txt
EA142,EA180,1,CC/EA142.txt,CC/EA180.txt
EA142,EA181,1,CC/EA142.txt,CC/EA181.txt
EA142,EA182,1,CC/EA142.txt,CC/EA182.txt
EA142,EA183,1,CC/EA142.txt,CC/EA183.txt
EA142,EA184,1,CC/EA142.txt,CC/EA184.txt
EA142,EA185,1,CC/EA142.txt,CC/EA185.txt
EA142,EA186,1,CC/EA142.txt,CC/EA186.txt
EA142,EA187,1,CC/EA142.txt,CC/EA187.txt
EA142,EA188,1,CC/EA142.txt,CC/EA188.txt
EA142,EA189,1,CC/EA142.txt,CC/EA189.txt
EA142,EA190,1,CC/EA142.txt,CC/EA190.txt
EA142,EA191,1,CC/EA142.txt,CC/EA191.txt
EA142,EA192,1,CC/EA142.txt,CC/EA192.txt
EA142,EA193,1,CC/EA142.txt,CC/EA193.txt
EA142,EA194,1,CC/EA142.txt,CC/EA194.txt
EA143,EA144,1,CC/EA143.txt,CC/EA144.txt
EA143,EA145,1,CC/EA143.txt,CC/EA145.txt
EA143,EA146,1,CC/EA143.txt,CC/EA146.txt
EA143,EA147,1,CC/EA143.txt,CC/EA147.txt
EA143,EA148,1,CC/EA143.txt,CC/EA148.txt
EA143,EA149,1,CC/EA143.txt,CC/EA149.txt
EA143,EA150,1,CC/EA143.txt,CC/EA150.txt
EA143,EA151,1,CC/EA143.txt,CC/EA151.txt
EA143,EA152,1,CC/EA143.txt,CC/EA152.txt
EA143,EA153,1,CC/EA143.txt,CC/EA153.txt
EA143,EA154,1,CC/EA143.txt,CC/EA154.txt
EA143,EA155,1,CC/EA143.txt,CC/EA155.txt
EA143,EA156,1,CC/EA143.txt,CC/EA156.txt
EA143,EA157,1,CC/EA143.txt,CC/EA157.txt
EA143,EA158,1,CC/EA143.txt,CC/EA158.txt
EA143,EA159,1,CC/EA143.txt,CC/EA159.txt
EA143,EA160,1,CC/EA143.txt,CC/EA160.txt
EA143,EA161,1,CC/EA143.txt,CC/EA161.txt
EA143,EA162,1,CC/EA143.txt,CC/EA162.txt
EA143,EA163,1,CC/EA143.txt,CC/EA163.txt
EA143,EA164,1,CC/EA143.txt,CC/EA164.txt
EA143,EA165,1,CC/EA143.txt,CC/EA165.txt
EA143,EA166,1,CC/EA143.txt,CC/EA166.txt
EA143,EA167,1,CC/EA143.txt,CC/EA167.txt
EA143,EA168,1,CC/EA143.txt,CC/EA168.txt
EA143,EA169,1,CC/EA143.txt,CC/EA169.txt
EA143,EA170,1,CC/EA143.txt,CC/EA170.txt
EA143,EA171,1,CC/EA143.txt,CC/EA171.txt
EA143,EA172,1,CC/EA143.txt,CC/EA172.txt
EA143,EA173,1,CC/EA143.txt,CC/EA173.txt
EA143,EA174,1,CC/EA143.txt,CC/EA174.txt
EA143,EA175,1,CC/EA143.txt,CC/EA175.txt
EA143,EA176,1,CC/EA143.txt,CC/EA176.txt
EA143,EA177,1,CC/EA143.txt,CC/EA177.txt
EA143,EA178,1,CC/EA143.txt,CC/EA178.txt
EA143,EA179,1,CC/EA143.txt,CC/EA179.txt
EA143,EA180,1,CC/EA143.txt,CC/EA180.txt
EA143,EA181,1,CC/EA143.txt,CC/EA181.txt
EA143,EA182,1,CC/EA143.txt,CC/EA182.txt
EA143,EA183,1,CC/EA143.txt,CC/EA183.txt
EA143,EA184,1,CC/EA143.txt,CC/EA184.txt
EA143,EA185,1,CC/EA143.txt,CC/EA185.txt
EA143,EA186,1,CC/EA143.txt,CC/EA186.txt
EA143,EA187,1,CC/EA143.txt,CC/EA187.txt
EA143,EA188,1,CC/EA143.txt,CC/EA188.txt
EA143,EA189,1,CC/EA143.txt,CC/EA189.txt
EA143,EA190,1,CC/EA143.txt,CC/EA190.txt
EA143,EA191,1,CC/EA143.txt,CC/EA191.txt
EA143,EA192,1,CC/EA143.txt,CC/EA192.txt
EA143,EA193,1,CC/EA143.txt,CC/EA193.txt
EA143,EA194,1,CC/EA143.txt,CC/EA194.txt
EA144,EA145,1,CC/EA144.txt,CC/EA145.txt
EA144,EA146,1,CC/EA144.txt,CC/EA146.txt
EA144,EA147,1,CC/EA144.txt,CC/EA147.txt
EA144,EA148,1,CC/EA144.txt,CC/EA148.txt
EA144,EA149,1,CC/EA144.txt,CC/EA149.txt
EA144,EA150,1,CC/EA144.txt,CC/EA150.txt
EA144,EA151,1,CC/EA144.txt,CC/EA151.txt
EA144,EA152,1,CC/EA144.txt,CC/EA152.txt
EA144,EA153,1,CC/EA144.txt,CC/EA153.txt
EA144,EA154,1,CC/EA144.txt,CC/EA154.txt
EA144,EA155,1,CC/EA144.txt,CC/EA155.txt
EA144,EA156,1,CC/EA144.txt,CC/EA156.txt
EA144,EA157,1,CC/EA144.txt,CC/EA157.txt
EA144,EA158,1,CC/EA144.txt,CC/EA158.txt
EA144,EA159,1,CC/EA144.txt,CC/EA159.txt
EA144,EA160,1,CC/EA144.txt,CC/EA160.txt
EA144,EA161,1,CC/EA144.txt,CC/EA161.txt
EA144,EA162,1,CC/EA144.txt,CC/EA162.txt
EA144,EA163,1,CC/EA144.txt,CC/EA163.txt
EA144,EA164,1,CC/EA144.txt,CC/EA164.txt
EA144,EA165,1,CC/EA144.txt,CC/EA165.txt
EA144,EA166,1,CC/EA144.txt,CC/EA166.txt
EA144,EA167,1,CC/EA144.txt,CC/EA167.txt
EA144,EA168,1,CC/EA144.txt,CC/EA168.txt
EA144,EA169,1,CC/EA144.txt,CC/EA169.txt
EA144,EA170,1,CC/EA144.txt,CC/EA170.txt
EA144,EA171,1,CC/EA144.txt,CC/EA171.txt
EA144,EA172,1,CC/EA144.txt,CC/EA172.txt
EA144,EA173,1,CC/EA144.txt,CC/EA173.txt
EA144,EA174,1,CC/EA144.txt,CC/EA174.txt
EA144,EA175,1,CC/EA144.txt,CC/EA175.txt
EA144,EA176,1,CC/EA144.txt,CC/EA176.txt
EA144,EA177,1,CC/EA144.txt,CC/EA177.txt
EA144,EA178,1,CC/EA144.txt,CC/EA178.txt
EA144,EA179,1,CC/EA144.txt,CC/EA179.txt
EA144,EA180,1,CC/EA144.txt,CC/EA180.txt
EA144,EA181,1,CC/EA144.txt,CC/EA181.txt
EA144,EA182,1,CC/EA144.txt,CC/EA182.txt
EA144,EA183,1,CC/EA144.txt,CC/EA183.txt
EA144,EA184,1,CC/EA144.txt,CC/EA184.txt
EA144,EA185,1,CC/EA144.txt,CC/EA185.txt
EA144,EA186,1,CC/EA144.txt,CC/EA186.txt
EA144,EA187,1,CC/EA144.txt,CC/EA187.txt
EA144,EA188,1,CC/EA144.txt,CC/EA188.txt
EA144,EA189,1,CC/EA144.txt,CC/EA189.txt
EA144,EA190,1,CC/EA144.txt,CC/EA190.txt
EA144,EA191,1,CC/EA144.txt,CC/EA191.txt
EA144,EA192,1,CC/EA144.txt,CC/EA192.txt
EA144,EA193,1,CC/EA144.txt,CC/EA193.txt
EA144,EA194,1,CC/EA144.txt,CC/EA194.txt
EA145,EA146,1,CC/EA145.txt,CC/EA146.txt
EA145,EA147,1,CC/EA145.txt,CC/EA147.txt
EA145,EA148,1,CC/EA145.txt,CC/EA148.txt
EA145,EA149,1,CC/EA145.txt,CC/EA149.txt
EA145,EA150,1,CC/EA145.txt,CC/EA150.txt
EA145,EA151,1,CC/EA145.txt,CC/EA151.txt
EA145,EA152,1,CC/EA145.txt,CC/EA152.txt
EA145,EA153,1,CC/EA145.txt,CC/EA153.txt
EA145,EA154,1,CC/EA145.txt,CC/EA154.txt
EA145,EA155,1,CC/EA145.txt,CC/EA155.txt
EA145,EA156,1,CC/EA145.txt,CC/EA156.txt
EA145,EA157,1,CC/EA145.txt,CC/EA157.txt
EA145,EA158,1,CC/EA145.txt,CC/EA158.txt
EA145,EA159,1,CC/EA145.txt,CC/EA159.txt
EA145,EA160,1,CC/EA145.txt,CC/EA160.txt
EA145,EA161,1,CC/EA145.txt,CC/EA161.txt
EA145,EA162,1,CC/EA145.txt,CC/EA162.txt
EA145,EA163,1,CC/EA145.txt,CC/EA163.txt
EA145,EA164,1,CC/EA145.txt,CC/EA164.txt
EA145,EA165,1,CC/EA145.txt,CC/EA165.txt
EA145,EA166,1,CC/EA145.txt,CC/EA166.txt
EA145,EA167,1,CC/EA145.txt,CC/EA167.txt
EA145,EA168,1,CC/EA145.txt,CC/EA168.txt
EA145,EA169,1,CC/EA145.txt,CC/EA169.txt
EA145,EA170,1,CC/EA145.txt,CC/EA170.txt
EA145,EA171,1,CC/EA145.txt,CC/EA171.txt
EA145,EA172,1,CC/EA145.txt,CC/EA172.txt
EA145,EA173,1,CC/EA145.txt,CC/EA173.txt
EA145,EA174,1,CC/EA145.txt,CC/EA174.txt
EA145,EA175,1,CC/EA145.txt,CC/EA175.txt
EA145,EA176,1,CC/EA145.txt,CC/EA176.txt
EA145,EA177,1,CC/EA145.txt,CC/EA177.txt
EA145,EA178,1,CC/EA145.txt,CC/EA178.txt
EA145,EA179,1,CC/EA145.txt,CC/EA179.txt
EA145,EA180,1,CC/EA145.txt,CC/EA180.txt
EA145,EA181,1,CC/EA145.txt,CC/EA181.txt
EA145,EA182,1,CC/EA145.txt,CC/EA182.txt
EA145,EA183,1,CC/EA145.txt,CC/EA183.txt
EA145,EA184,1,CC/EA145.txt,CC/EA184.txt
EA145,EA185,1,CC/EA145.txt,CC/EA185.txt
EA145,EA186,1,CC/EA145.txt,CC/EA186.txt
EA145,EA187,1,CC/EA145.txt,CC/EA187.txt
EA145,EA188,1,CC/EA145.txt,CC/EA188.txt
EA145,EA189,1,CC/EA145.txt,CC/EA189.txt
EA145,EA190,1,CC/EA145.txt,CC/EA190.txt
EA145,EA191,1,CC/EA145.txt,CC/EA191.txt
EA145,EA192,1,CC/EA145.txt,CC/EA192.txt
EA145,EA193,1,CC/EA145.txt,CC/EA193.txt
EA145,EA194,1,CC/EA145.txt,CC/EA194.txt
EA146,EA147,1,CC/EA146.txt,CC/EA147.txt
EA146,EA148,1,CC/EA146.txt,CC/EA148.txt
EA146,EA149,1,CC/EA146.txt,CC/EA149.txt
EA146,EA150,1,CC/EA146.txt,CC/EA150.txt
EA146,EA151,1,CC/EA146.txt,CC/EA151.txt
EA146,EA152,1,CC/EA146.txt,CC/EA152.txt
EA146,EA153,1,CC/EA146.txt,CC/EA153.txt
EA146,EA154,1,CC/EA146.txt,CC/EA154.txt
EA146,EA155,1,CC/EA146.txt,CC/EA155.txt
EA146,EA156,1,CC/EA146.txt,CC/EA156.txt
EA146,EA157,1,CC/EA146.txt,CC/EA157.txt
EA146,EA158,1,CC/EA146.txt,CC/EA158.txt
EA146,EA159,1,CC/EA146.txt,CC/EA159.txt
EA146,EA160,1,CC/EA146.txt,CC/EA160.txt
EA146,EA161,1,CC/EA146.txt,CC/EA161.txt
EA146,EA162,1,CC/EA146.txt,CC/EA162.txt
EA146,EA163,1,CC/EA146.txt,CC/EA163.txt
EA146,EA164,1,CC/EA146.txt,CC/EA164.txt
EA146,EA165,1,CC/EA146.txt,CC/EA165.txt
EA146,EA166,1,CC/EA146.txt,CC/EA166.txt
EA146,EA167,1,CC/EA146.txt,CC/EA167.txt
EA146,EA168,1,CC/EA146.txt,CC/EA168.txt
EA146,EA169,1,CC/EA146.txt,CC/EA169.txt
EA146,EA170,1,CC/EA146.txt,CC/EA170.txt
EA146,EA171,1,CC/EA146.txt,CC/EA171.txt
EA146,EA172,1,CC/EA146.txt,CC/EA172.txt
EA146,EA173,1,CC/EA146.txt,CC/EA173.txt
EA146,EA174,1,CC/EA146.txt,CC/EA174.txt
EA146,EA175,1,CC/EA146.txt,CC/EA175.txt
EA146,EA176,1,CC/EA146.txt,CC/EA176.txt
EA146,EA177,1,CC/EA146.txt,CC/EA177.txt
EA146,EA178,1,CC/EA146.txt,CC/EA178.txt
EA146,EA179,1,CC/EA146.txt,CC/EA179.txt
EA146,EA180,1,CC/EA146.txt,CC/EA180.txt
EA146,EA181,1,CC/EA146.txt,CC/EA181.txt
EA146,EA182,1,CC/EA146.txt,CC/EA182.txt
EA146,EA183,1,CC/EA146.txt,CC/EA183.txt
EA146,EA184,1,CC/EA146.txt,CC/EA184.txt
EA146,EA185,1,CC/EA146.txt,CC/EA185.txt
EA146,EA186,1,CC/EA146.txt,CC/EA186.txt
EA146,EA187,1,CC/EA146.txt,CC/EA187.txt
EA146,EA188,1,CC/EA146.txt,CC/EA188.txt
EA146,EA189,1,CC/EA146.txt,CC/EA189.txt
EA146,EA190,1,CC/EA146.txt,CC/EA190.txt
EA146,EA191,1,CC/EA146.txt,CC/EA191.txt
EA146,EA192,1,CC/EA146.txt,CC/EA192.txt
EA146,EA193,1,CC/EA146.txt,CC/EA193.txt
EA146,EA194,1,CC/EA146.txt,CC/EA194.txt
EA147,EA148,1,CC/EA147.txt,CC/EA148.txt
EA147,EA149,1,CC/EA147.txt,CC/EA149.txt
EA147,EA150,1,CC/EA147.txt,CC/EA150.txt
EA147,EA151,1,CC/EA147.txt,CC/EA151.txt
EA147,EA152,1,CC/EA147.txt,CC/EA152.txt
EA147,EA153,1,CC/EA147.txt,CC/EA153.txt
EA147,EA154,1,CC/EA147.txt,CC/EA154.txt
EA147,EA155,1,CC/EA147.txt,CC/EA155.txt
EA147,EA156,1,CC/EA147.txt,CC/EA156.txt
EA147,EA157,1,CC/EA147.txt,CC/EA157.txt
EA147,EA158,1,CC/EA147.txt,CC/EA158.txt
EA147,EA159,1,CC/EA147.txt,CC/EA159.txt
EA147,EA160,1,CC/EA147.txt,CC/EA160.txt
EA147,EA161,1,CC/EA147.txt,CC/EA161.txt
EA147,EA162,1,CC/EA147.txt,CC/EA162.txt
EA147,EA163,1,CC/EA147.txt,CC/EA163.txt
EA147,EA164,1,CC/EA147.txt,CC/EA164.txt
EA147,EA165,1,CC/EA147.txt,CC/EA165.txt
EA147,EA166,1,CC/EA147.txt,CC/EA166.txt
EA147,EA167,1,CC/EA147.txt,CC/EA167.txt
EA147,EA168,1,CC/EA147.txt,CC/EA168.txt
EA147,EA169,1,CC/EA147.txt,CC/EA169.txt
EA147,EA170,1,CC/EA147.txt,CC/EA170.txt
EA147,EA171,1,CC/EA147.txt,CC/EA171.txt
EA147,EA172,1,CC/EA147.txt,CC/EA172.txt
EA147,EA173,1,CC/EA147.txt,CC/EA173.txt
EA147,EA174,1,CC/EA147.txt,CC/EA174.txt
EA147,EA175,1,CC/EA147.txt,CC/EA175.txt
EA147,EA176,1,CC/EA147.txt,CC/EA176.txt
EA147,EA177,1,CC/EA147.txt,CC/EA177.txt
EA147,EA178,1,CC/EA147.txt,CC/EA178.txt
EA147,EA179,1,CC/EA147.txt,CC/EA179.txt
EA147,EA180,1,CC/EA147.txt,CC/EA180.txt
EA147,EA181,1,CC/EA147.txt,CC/EA181.txt
EA147,EA182,1,CC/EA147.txt,CC/EA182.txt
EA147,EA183,1,CC/EA147.txt,CC/EA183.txt
EA147,EA184,1,CC/EA147.txt,CC/EA184.txt
EA147,EA185,1,CC/EA147.txt,CC/EA185.txt
EA147,EA186,1,CC/EA147.txt,CC/EA186.txt
EA147,EA187,1,CC/EA147.txt,CC/EA187.txt
EA147,EA188,1,CC/EA147.txt,CC/EA188.txt
EA147,EA189,1,CC/EA147.txt,CC/EA189.txt
EA147,EA190,1,CC/EA147.txt,CC/EA190.txt
EA147,EA191,1,CC/EA147.txt,CC/EA191.txt
EA147,EA192,1,CC/EA147.txt,CC/EA192.txt
EA147,EA193,1,CC/EA147.txt,CC/EA193.txt
EA147,EA194,1,CC/EA147.txt,CC/EA194.txt
EA148,EA149,1,CC/EA148.txt,CC/EA149.txt
EA148,EA150,1,CC/EA148.txt,CC/EA150.txt
EA148,EA151,1,CC/EA148.txt,CC/EA151.txt
EA148,EA152,1,CC/EA148.txt,CC/EA152.txt
EA148,EA153,1,CC/EA148.txt,CC/EA153.txt
EA148,EA154,1,CC/EA148.txt,CC/EA154.txt
EA148,EA155,1,CC/EA148.txt,CC/EA155.txt
EA148,EA156,1,CC/EA148.txt,CC/EA156.txt
EA148,EA157,1,CC/EA148.txt,CC/EA157.txt
EA148,EA158,1,CC/EA148.txt,CC/EA158.txt
EA148,EA159,1,CC/EA148.txt,CC/EA159.txt
EA148,EA160,1,CC/EA148.txt,CC/EA160.txt
EA148,EA161,1,CC/EA148.txt,CC/EA161.txt
EA148,EA162,1,CC/EA148.txt,CC/EA162.txt
EA148,EA163,1,CC/EA148.txt,CC/EA163.txt
EA148,EA164,1,CC/EA148.txt,CC/EA164.txt
EA148,EA165,1,CC/EA148.txt,CC/EA165.txt
EA148,EA166,1,CC/EA148.txt,CC/EA166.txt
EA148,EA167,1,CC/EA148.txt,CC/EA167.txt
EA148,EA168,1,CC/EA148.txt,CC/EA168.txt
EA148,EA169,1,CC/EA148.txt,CC/EA169.txt
EA148,EA170,1,CC/EA148.txt,CC/EA170.txt
EA148,EA171,1,CC/EA148.txt,CC/EA171.txt
EA148,EA172,1,CC/EA148.txt,CC/EA172.txt
EA148,EA173,1,CC/EA148.txt,CC/EA173.txt
EA148,EA174,1,CC/EA148.txt,CC/EA174.txt
EA148,EA175,1,CC/EA148.txt,CC/EA175.txt
EA148,EA176,1,CC/EA148.txt,CC/EA176.txt
EA148,EA177,1,CC/EA148.txt,CC/EA177.txt
EA148,EA178,1,CC/EA148.txt,CC/EA178.txt
EA148,EA179,1,CC/EA148.txt,CC/EA179.txt
EA148,EA180,1,CC/EA148.txt,CC/EA180.txt
EA148,EA181,1,CC/EA148.txt,CC/EA181.txt
EA148,EA182,1,CC/EA148.txt,CC/EA182.txt
EA148,EA183,1,CC/EA148.txt,CC/EA183.txt
EA148,EA184,1,CC/EA148.txt,CC/EA184.txt
EA148,EA185,1,CC/EA148.txt,CC/EA185.txt
EA148,EA186,1,CC/EA148.txt,CC/EA186.txt
EA148,EA187,1,CC/EA148.txt,CC/EA187.txt
EA148,EA188,1,CC/EA148.txt,CC/EA188.txt
EA148,EA189,1,CC/EA148.txt,CC/EA189.txt
EA148,EA190,1,CC/EA148.txt,CC/EA190.txt
EA148,EA191,1,CC/EA148.txt,CC/EA191.txt
EA148,EA192,1,CC/EA148.txt,CC/EA192.txt
EA148,EA193,1,CC/EA148.txt,CC/EA193.txt
EA148,EA194,1,CC/EA148.txt,CC/EA194.txt
EA149,EA150,1,CC/EA149.txt,CC/EA150.txt
EA149,EA151,1,CC/EA149.txt,CC/EA151.txt
EA149,EA152,1,CC/EA149.txt,CC/EA152.txt
EA149,EA153,1,CC/EA149.txt,CC/EA153.txt
EA149,EA154,1,CC/EA149.txt,CC/EA154.txt
EA149,EA155,1,CC/EA149.txt,CC/EA155.txt
EA149,EA156,1,CC/EA149.txt,CC/EA156.txt
EA149,EA157,1,CC/EA149.txt,CC/EA157.txt
EA149,EA158,1,CC/EA149.txt,CC/EA158.txt
EA149,EA159,1,CC/EA149.txt,CC/EA159.txt
EA149,EA160,1,CC/EA149.txt,CC/EA160.txt
EA149,EA161,1,CC/EA149.txt,CC/EA161.txt
EA149,EA162,1,CC/EA149.txt,CC/EA162.txt
EA149,EA163,1,CC/EA149.txt,CC/EA163.txt
EA149,EA164,1,CC/EA149.txt,CC/EA164.txt
EA149,EA165,1,CC/EA149.txt,CC/EA165.txt
EA149,EA166,1,CC/EA149.txt,CC/EA166.txt
EA149,EA167,1,CC/EA149.txt,CC/EA167.txt
EA149,EA168,1,CC/EA149.txt,CC/EA168.txt
EA149,EA169,1,CC/EA149.txt,CC/EA169.txt
EA149,EA170,1,CC/EA149.txt,CC/EA170.txt
EA149,EA171,1,CC/EA149.txt,CC/EA171.txt
EA149,EA172,1,CC/EA149.txt,CC/EA172.txt
EA149,EA173,1,CC/EA149.txt,CC/EA173.txt
EA149,EA174,1,CC/EA149.txt,CC/EA174.txt
EA149,EA175,1,CC/EA149.txt,CC/EA175.txt
EA149,EA176,1,CC/EA149.txt,CC/EA176.txt
EA149,EA177,1,CC/EA149.txt,CC/EA177.txt
EA149,EA178,1,CC/EA149.txt,CC/EA178.txt
EA149,EA179,1,CC/EA149.txt,CC/EA179.txt
EA149,EA180,1,CC/EA149.txt,CC/EA180.txt
EA149,EA181,1,CC/EA149.txt,CC/EA181.txt
EA149,EA182,1,CC/EA149.txt,CC/EA182.txt
EA149,EA183,1,CC/EA149.txt,CC/EA183.txt
EA149,EA184,1,CC/EA149.txt,CC/EA184.txt
EA149,EA185,1,CC/EA149.txt,CC/EA185.txt
EA149,EA186,1,CC/EA149.txt,CC/EA186.txt
EA149,EA187,1,CC/EA149.txt,CC/EA187.txt
EA149,EA188,1,CC/EA149.txt,CC/EA188.txt
EA149,EA189,1,CC/EA149.txt,CC/EA189.txt
EA149,EA190,1,CC/EA149.txt,CC/EA190.txt
EA149,EA191,1,CC/EA149.txt,CC/EA191.txt
EA149,EA192,1,CC/EA149.txt,CC/EA192.txt
EA149,EA193,1,CC/EA149.txt,CC/EA193.txt
EA149,EA194,1,CC/EA149.txt,CC/EA194.txt
EA150,EA151,1,CC/EA150.txt,CC/EA151.txt
EA150,EA152,1,CC/EA150.txt,CC/EA152.txt
EA150,EA153,1,CC/EA150.txt,CC/EA153.txt
EA150,EA154,1,CC/EA150.txt,CC/EA154.txt
EA150,EA155,1,CC/EA150.txt,CC/EA155.txt
EA150,EA156,1,CC/EA150.txt,CC/EA156.txt
EA150,EA157,1,CC/EA150.txt,CC/EA157.txt
EA150,EA158,1,CC/EA150.txt,CC/EA158.txt
EA150,EA159,1,CC/EA150.txt,CC/EA159.txt
EA150,EA160,1,CC/EA150.txt,CC/EA160.txt
EA150,EA161,1,CC/EA150.txt,CC/EA161.txt
EA150,EA162,1,CC/EA150.txt,CC/EA162.txt
EA150,EA163,1,CC/EA150.txt,CC/EA163.txt
EA150,EA164,1,CC/EA150.txt,CC/EA164.txt
EA150,EA165,1,CC/EA150.txt,CC/EA165.txt
EA150,EA166,1,CC/EA150.txt,CC/EA166.txt
EA150,EA167,1,CC/EA150.txt,CC/EA167.txt
EA150,EA168,1,CC/EA150.txt,CC/EA168.txt
EA150,EA169,1,CC/EA150.txt,CC/EA169.txt
EA150,EA170,1,CC/EA150.txt,CC/EA170.txt
EA150,EA171,1,CC/EA150.txt,CC/EA171.txt
EA150,EA172,1,CC/EA150.txt,CC/EA172.txt
EA150,EA173,1,CC/EA150.txt,CC/EA173.txt
EA150,EA174,1,CC/EA150.txt,CC/EA174.txt
EA150,EA175,1,CC/EA150.txt,CC/EA175.txt
EA150,EA176,1,CC/EA150.txt,CC/EA176.txt
EA150,EA177,1,CC/EA150.txt,CC/EA177.txt
EA150,EA178,1,CC/EA150.txt,CC/EA178.txt
EA150,EA179,1,CC/EA150.txt,CC/EA179.txt
EA150,EA180,1,CC/EA150.txt,CC/EA180.txt
EA150,EA181,1,CC/EA150.txt,CC/EA181.txt
EA150,EA182,1,CC/EA150.txt,CC/EA182.txt
EA150,EA183,1,CC/EA150.txt,CC/EA183.txt
EA150,EA184,1,CC/EA150.txt,CC/EA184.txt
EA150,EA185,1,CC/EA150.txt,CC/EA185.txt
EA150,EA186,1,CC/EA150.txt,CC/EA186.txt
EA150,EA187,1,CC/EA150.txt,CC/EA187.txt
EA150,EA188,1,CC/EA150.txt,CC/EA188.txt
EA150,EA189,1,CC/EA150.txt,CC/EA189.txt
EA150,EA190,1,CC/EA150.txt,CC/EA190.txt
EA150,EA191,1,CC/EA150.txt,CC/EA191.txt
EA150,EA192,1,CC/EA150.txt,CC/EA192.txt
EA150,EA193,1,CC/EA150.txt,CC/EA193.txt
EA150,EA194,1,CC/EA150.txt,CC/EA194.txt
EA151,EA152,1,CC/EA151.txt,CC/EA152.txt
EA151,EA153,1,CC/EA151.txt,CC/EA153.txt
EA151,EA154,1,CC/EA151.txt,CC/EA154.txt
EA151,EA155,1,CC/EA151.txt,CC/EA155.txt
EA151,EA156,1,CC/EA151.txt,CC/EA156.txt
EA151,EA157,1,CC/EA151.txt,CC/EA157.txt
EA151,EA158,1,CC/EA151.txt,CC/EA158.txt
EA151,EA159,1,CC/EA151.txt,CC/EA159.txt
EA151,EA160,1,CC/EA151.txt,CC/EA160.txt
EA151,EA161,1,CC/EA151.txt,CC/EA161.txt
EA151,EA162,1,CC/EA151.txt,CC/EA162.txt
EA151,EA163,1,CC/EA151.txt,CC/EA163.txt
EA151,EA164,1,CC/EA151.txt,CC/EA164.txt
EA151,EA165,1,CC/EA151.txt,CC/EA165.txt
EA151,EA166,1,CC/EA151.txt,CC/EA166.txt
EA151,EA167,1,CC/EA151.txt,CC/EA167.txt
EA151,EA168,1,CC/EA151.txt,CC/EA168.txt
EA151,EA169,1,CC/EA151.txt,CC/EA169.txt
EA151,EA170,1,CC/EA151.txt,CC/EA170.txt
EA151,EA171,1,CC/EA151.txt,CC/EA171.txt
EA151,EA172,1,CC/EA151.txt,CC/EA172.txt
EA151,EA173,1,CC/EA151.txt,CC/EA173.txt
EA151,EA174,1,CC/EA151.txt,CC/EA174.txt
EA151,EA175,1,CC/EA151.txt,CC/EA175.txt
EA151,EA176,1,CC/EA151.txt,CC/EA176.txt
EA151,EA177,1,CC/EA151.txt,CC/EA177.txt
EA151,EA178,1,CC/EA151.txt,CC/EA178.txt
EA151,EA179,1,CC/EA151.txt,CC/EA179.txt
EA151,EA180,1,CC/EA151.txt,CC/EA180.txt
EA151,EA181,1,CC/EA151.txt,CC/EA181.txt
EA151,EA182,1,CC/EA151.txt,CC/EA182.txt
EA151,EA183,1,CC/EA151.txt,CC/EA183.txt
EA151,EA184,1,CC/EA151.txt,CC/EA184.txt
EA151,EA185,1,CC/EA151.txt,CC/EA185.txt
EA151,EA186,1,CC/EA151.txt,CC/EA186.txt
EA151,EA187,1,CC/EA151.txt,CC/EA187.txt
EA151,EA188,1,CC/EA151.txt,CC/EA188.txt
EA151,EA189,1,CC/EA151.txt,CC/EA189.txt
EA151,EA190,1,CC/EA151.txt,CC/EA190.txt
EA151,EA191,1,CC/EA151.txt,CC/EA191.txt
EA151,EA192,1,CC/EA151.txt,CC/EA192.txt
EA151,EA193,1,CC/EA151.txt,CC/EA193.txt
EA151,EA194,1,CC/EA151.txt,CC/EA194.txt
EA152,EA153,1,CC/EA152.txt,CC/EA153.txt
EA152,EA154,1,CC/EA152.txt,CC/EA154.txt
EA152,EA155,1,CC/EA152.txt,CC/EA155.txt
EA152,EA156,1,CC/EA152.txt,CC/EA156.txt
EA152,EA157,1,CC/EA152.txt,CC/EA157.txt
EA152,EA158,1,CC/EA152.txt,CC/EA158.txt
EA152,EA159,1,CC/EA152.txt,CC/EA159.txt
EA152,EA160,1,CC/EA152.txt,CC/EA160.txt
EA152,EA161,1,CC/EA152.txt,CC/EA161.txt
EA152,EA162,1,CC/EA152.txt,CC/EA162.txt
EA152,EA163,1,CC/EA152.txt,CC/EA163.txt
EA152,EA164,1,CC/EA152.txt,CC/EA164.txt
EA152,EA165,1,CC/EA152.txt,CC/EA165.txt
EA152,EA166,1,CC/EA152.txt,CC/EA166.txt
EA152,EA167,1,CC/EA152.txt,CC/EA167.txt
EA152,EA168,1,CC/EA152.txt,CC/EA168.txt
EA152,EA169,1,CC/EA152.txt,CC/EA169.txt
EA152,EA170,1,CC/EA152.txt,CC/EA170.txt
EA152,EA171,1,CC/EA152.txt,CC/EA171.txt
EA152,EA172,1,CC/EA152.txt,CC/EA172.txt
EA152,EA173,1,CC/EA152.txt,CC/EA173.txt
EA152,EA174,1,CC/EA152.txt,CC/EA174.txt
EA152,EA175,1,CC/EA152.txt,CC/EA175.txt
EA152,EA176,1,CC/EA152.txt,CC/EA176.txt
EA152,EA177,1,CC/EA152.txt,CC/EA177.txt
EA152,EA178,1,CC/EA152.txt,CC/EA178.txt
EA152,EA179,1,CC/EA152.txt,CC/EA179.txt
EA152,EA180,1,CC/EA152.txt,CC/EA180.txt
EA152,EA181,1,CC/EA152.txt,CC/EA181.txt
EA152,EA182,1,CC/EA152.txt,CC/EA182.txt
EA152,EA183,1,CC/EA152.txt,CC/EA183.txt
EA152,EA184,1,CC/EA152.txt,CC/EA184.txt
EA152,EA185,1,CC/EA152.txt,CC/EA185.txt
EA152,EA186,1,CC/EA152.txt,CC/EA186.txt
EA152,EA187,1,CC/EA152.txt,CC/EA187.txt
EA152,EA188,1,CC/EA152.txt,CC/EA188.txt
EA152,EA189,1,CC/EA152.txt,CC/EA189.txt
EA152,EA190,1,CC/EA152.txt,CC/EA190.txt
EA152,EA191,1,CC/EA152.txt,CC/EA191.txt
EA152,EA192,1,CC/EA152.txt,CC/EA192.txt
EA152,EA193,1,CC/EA152.txt,CC/EA193.txt
EA152,EA194,1,CC/EA152.txt,CC/EA194.txt
EA153,EA154,1,CC/EA153.txt,CC/EA154.txt
EA153,EA155,1,CC/EA153.txt,CC/EA155.txt
EA153,EA156,1,CC/EA153.txt,CC/EA156.txt
EA153,EA157,1,CC/EA153.txt,CC/EA157.txt
EA153,EA158,1,CC/EA153.txt,CC/EA158.txt
EA153,EA159,1,CC/EA153.txt,CC/EA159.txt
EA153,EA160,1,CC/EA153.txt,CC/EA160.txt
EA153,EA161,1,CC/EA153.txt,CC/EA161.txt
EA153,EA162,1,CC/EA153.txt,CC/EA162.txt
EA153,EA163,1,CC/EA153.txt,CC/EA163.txt
EA153,EA164,1,CC/EA153.txt,CC/EA164.txt
EA153,EA165,1,CC/EA153.txt,CC/EA165.txt
EA153,EA166,1,CC/EA153.txt,CC/EA166.txt
EA153,EA167,1,CC/EA153.txt,CC/EA167.txt
EA153,EA168,1,CC/EA153.txt,CC/EA168.txt
EA153,EA169,1,CC/EA153.txt,CC/EA169.txt
EA153,EA170,1,CC/EA153.txt,CC/EA170.txt
EA153,EA171,1,CC/EA153.txt,CC/EA171.txt
EA153,EA172,1,CC/EA153.txt,CC/EA172.txt
EA153,EA173,1,CC/EA153.txt,CC/EA173.txt
EA153,EA174,1,CC/EA153.txt,CC/EA174.txt
EA153,EA175,1,CC/EA153.txt,CC/EA175.txt
EA153,EA176,1,CC/EA153.txt,CC/EA176.txt
EA153,EA177,1,CC/EA153.txt,CC/EA177.txt
EA153,EA178,1,CC/EA153.txt,CC/EA178.txt
EA153,EA179,1,CC/EA153.txt,CC/EA179.txt
EA153,EA180,1,CC/EA153.txt,CC/EA180.txt
EA153,EA181,1,CC/EA153.txt,CC/EA181.txt
EA153,EA182,1,CC/EA153.txt,CC/EA182.txt
EA153,EA183,1,CC/EA153.txt,CC/EA183.txt
EA153,EA184,1,CC/EA153.txt,CC/EA184.txt
EA153,EA185,1,CC/EA153.txt,CC/EA185.txt
EA153,EA186,1,CC/EA153.txt,CC/EA186.txt
EA153,EA187,1,CC/EA153.txt,CC/EA187.txt
EA153,EA188,1,CC/EA153.txt,CC/EA188.txt
EA153,EA189,1,CC/EA153.txt,CC/EA189.txt
EA153,EA190,1,CC/EA153.txt,CC/EA190.txt
EA153,EA191,1,CC/EA153.txt,CC/EA191.txt
EA153,EA192,1,CC/EA153.txt,CC/EA192.txt
EA153,EA193,1,CC/EA153.txt,CC/EA193.txt
EA153,EA194,1,CC/EA153.txt,CC/EA194.txt
EA154,EA155,1,CC/EA154.txt,CC/EA155.txt
EA154,EA156,1,CC/EA154.txt,CC/EA156.txt
EA154,EA157,1,CC/EA154.txt,CC/EA157.txt
EA154,EA158,1,CC/EA154.txt,CC/EA158.txt
EA154,EA159,1,CC/EA154.txt,CC/EA159.txt
EA154,EA160,1,CC/EA154.txt,CC/EA160.txt
EA154,EA161,1,CC/EA154.txt,CC/EA161.txt
EA154,EA162,1,CC/EA154.txt,CC/EA162.txt
EA154,EA163,1,CC/EA154.txt,CC/EA163.txt
EA154,EA164,1,CC/EA154.txt,CC/EA164.txt
EA154,EA165,1,CC/EA154.txt,CC/EA165.txt
EA154,EA166,1,CC/EA154.txt,CC/EA166.txt
EA154,EA167,1,CC/EA154.txt,CC/EA167.txt
EA154,EA168,1,CC/EA154.txt,CC/EA168.txt
EA154,EA169,1,CC/EA154.txt,CC/EA169.txt
EA154,EA170,1,CC/EA154.txt,CC/EA170.txt
EA154,EA171,1,CC/EA154.txt,CC/EA171.txt
EA154,EA172,1,CC/EA154.txt,CC/EA172.txt
EA154,EA173,1,CC/EA154.txt,CC/EA173.txt
EA154,EA174,1,CC/EA154.txt,CC/EA174.txt
EA154,EA175,1,CC/EA154.txt,CC/EA175.txt
EA154,EA176,1,CC/EA154.txt,CC/EA176.txt
EA154,EA177,1,CC/EA154.txt,CC/EA177.txt
EA154,EA178,1,CC/EA154.txt,CC/EA178.txt
EA154,EA179,1,CC/EA154.txt,CC/EA179.txt
EA154,EA180,1,CC/EA154.txt,CC/EA180.txt
EA154,EA181,1,CC/EA154.txt,CC/EA181.txt
EA154,EA182,1,CC/EA154.txt,CC/EA182.txt
EA154,EA183,1,CC/EA154.txt,CC/EA183.txt
EA154,EA184,1,CC/EA154.txt,CC/EA184.txt
EA154,EA185,1,CC/EA154.txt,CC/EA185.txt
EA154,EA186,1,CC/EA154.txt,CC/EA186.txt
EA154,EA187,1,CC/EA154.txt,CC/EA187.txt
EA154,EA188,1,CC/EA154.txt,CC/EA188.txt
EA154,EA189,1,CC/EA154.txt,CC/EA189.txt
EA154,EA190,1,CC/EA154.txt,CC/EA190.txt
EA154,EA191,1,CC/EA154.txt,CC/EA191.txt
EA154,EA192,1,CC/EA154.txt,CC/EA192.txt
EA154,EA193,1,CC/EA154.txt,CC/EA193.txt
EA154,EA194,1,CC/EA154.txt,CC/EA194.txt
EA155,EA156,1,CC/EA155.txt,CC/EA156.txt
EA155,EA157,1,CC/EA155.txt,CC/EA157.txt
EA155,EA158,1,CC/EA155.txt,CC/EA158.txt
EA155,EA159,1,CC/EA155.txt,CC/EA159.txt
EA155,EA160,1,CC/EA155.txt,CC/EA160.txt
EA155,EA161,1,CC/EA155.txt,CC/EA161.txt
EA155,EA162,1,CC/EA155.txt,CC/EA162.txt
EA155,EA163,1,CC/EA155.txt,CC/EA163.txt
EA155,EA164,1,CC/EA155.txt,CC/EA164.txt
EA155,EA165,1,CC/EA155.txt,CC/EA165.txt
EA155,EA166,1,CC/EA155.txt,CC/EA166.txt
EA155,EA167,1,CC/EA155.txt,CC/EA167.txt
EA155,EA168,1,CC/EA155.txt,CC/EA168.txt
EA155,EA169,1,CC/EA155.txt,CC/EA169.txt
EA155,EA170,1,CC/EA155.txt,CC/EA170.txt
EA155,EA171,1,CC/EA155.txt,CC/EA171.txt
EA155,EA172,1,CC/EA155.txt,CC/EA172.txt
EA155,EA173,1,CC/EA155.txt,CC/EA173.txt
EA155,EA174,1,CC/EA155.txt,CC/EA174.txt
EA155,EA175,1,CC/EA155.txt,CC/EA175.txt
EA155,EA176,1,CC/EA155.txt,CC/EA176.txt
EA155,EA177,1,CC/EA155.txt,CC/EA177.txt
EA155,EA178,1,CC/EA155.txt,CC/EA178.txt
EA155,EA179,1,CC/EA155.txt,CC/EA179.txt
EA155,EA180,1,CC/EA155.txt,CC/EA180.txt
EA155,EA181,1,CC/EA155.txt,CC/EA181.txt
EA155,EA182,1,CC/EA155.txt,CC/EA182.txt
EA155,EA183,1,CC/EA155.txt,CC/EA183.txt
EA155,EA184,1,CC/EA155.txt,CC/EA184.txt
EA155,EA185,1,CC/EA155.txt,CC/EA185.txt
EA155,EA186,1,CC/EA155.txt,CC/EA186.txt
EA155,EA187,1,CC/EA155.txt,CC/EA187.txt
EA155,EA188,1,CC/EA155.txt,CC/EA188.txt
EA155,EA189,1,CC/EA155.txt,CC/EA189.txt
EA155,EA190,1,CC/EA155.txt,CC/EA190.txt
EA155,EA191,1,CC/EA155.txt,CC/EA191.txt
EA155,EA192,1,CC/EA155.txt,CC/EA192.txt
EA155,EA193,1,CC/EA155.txt,CC/EA193.txt
EA155,EA194,1,CC/EA155.txt,CC/EA194.txt
EA156,EA157,1,CC/EA156.txt,CC/EA157.txt
EA156,EA158,1,CC/EA156.txt,CC/EA158.txt
EA156,EA159,1,CC/EA156.txt,CC/EA159.txt
EA156,EA160,1,CC/EA156.txt,CC/EA160.txt
EA156,EA161,1,CC/EA156.txt,CC/EA161.txt
EA156,EA162,1,CC/EA156.txt,CC/EA162.txt
EA156,EA163,1,CC/EA156.txt,CC/EA163.txt
EA156,EA164,1,CC/EA156.txt,CC/EA164.txt
EA156,EA165,1,CC/EA156.txt,CC/EA165.txt
EA156,EA166,1,CC/EA156.txt,CC/EA166.txt
EA156,EA167,1,CC/EA156.txt,CC/EA167.txt
EA156,EA168,1,CC/EA156.txt,CC/EA168.txt
EA156,EA169,1,CC/EA156.txt,CC/EA169.txt
EA156,EA170,1,CC/EA156.txt,CC/EA170.txt
EA156,EA171,1,CC/EA156.txt,CC/EA171.txt
EA156,EA172,1,CC/EA156.txt,CC/EA172.txt
EA156,EA173,1,CC/EA156.txt,CC/EA173.txt
EA156,EA174,1,CC/EA156.txt,CC/EA174.txt
EA156,EA175,1,CC/EA156.txt,CC/EA175.txt
EA156,EA176,1,CC/EA156.txt,CC/EA176.txt
EA156,EA177,1,CC/EA156.txt,CC/EA177.txt
EA156,EA178,1,CC/EA156.txt,CC/EA178.txt
EA156,EA179,1,CC/EA156.txt,CC/EA179.txt
EA156,EA180,1,CC/EA156.txt,CC/EA180.txt
EA156,EA181,1,CC/EA156.txt,CC/EA181.txt
EA156,EA182,1,CC/EA156.txt,CC/EA182.txt
EA156,EA183,1,CC/EA156.txt,CC/EA183.txt
EA156,EA184,1,CC/EA156.txt,CC/EA184.txt
EA156,EA185,1,CC/EA156.txt,CC/EA185.txt
EA156,EA186,1,CC/EA156.txt,CC/EA186.txt
EA156,EA187,1,CC/EA156.txt,CC/EA187.txt
EA156,EA188,1,CC/EA156.txt,CC/EA188.txt
EA156,EA189,1,CC/EA156.txt,CC/EA189.txt
EA156,EA190,1,CC/EA156.txt,CC/EA190.txt
EA156,EA191,1,CC/EA156.txt,CC/EA191.txt
EA156,EA192,1,CC/EA156.txt,CC/EA192.txt
EA156,EA193,1,CC/EA156.txt,CC/EA193.txt
EA156,EA194,1,CC/EA156.txt,CC/EA194.txt
EA157,EA158,1,CC/EA157.txt,CC/EA158.txt
EA157,EA159,1,CC/EA157.txt,CC/EA159.txt
EA157,EA160,1,CC/EA157.txt,CC/EA160.txt
EA157,EA161,1,CC/EA157.txt,CC/EA161.txt
EA157,EA162,1,CC/EA157.txt,CC/EA162.txt
EA157,EA163,1,CC/EA157.txt,CC/EA163.txt
EA157,EA164,1,CC/EA157.txt,CC/EA164.txt
EA157,EA165,1,CC/EA157.txt,CC/EA165.txt
EA157,EA166,1,CC/EA157.txt,CC/EA166.txt
EA157,EA167,1,CC/EA157.txt,CC/EA167.txt
EA157,EA168,1,CC/EA157.txt,CC/EA168.txt
EA157,EA169,1,CC/EA157.txt,CC/EA169.txt
EA157,EA170,1,CC/EA157.txt,CC/EA170.txt
EA157,EA171,1,CC/EA157.txt,CC/EA171.txt
EA157,EA172,1,CC/EA157.txt,CC/EA172.txt
EA157,EA173,1,CC/EA157.txt,CC/EA173.txt
EA157,EA174,1,CC/EA157.txt,CC/EA174.txt
EA157,EA175,1,CC/EA157.txt,CC/EA175.txt
EA157,EA176,1,CC/EA157.txt,CC/EA176.txt
EA157,EA177,1,CC/EA157.txt,CC/EA177.txt
EA157,EA178,1,CC/EA157.txt,CC/EA178.txt
EA157,EA179,1,CC/EA157.txt,CC/EA179.txt
EA157,EA180,1,CC/EA157.txt,CC/EA180.txt
EA157,EA181,1,CC/EA157.txt,CC/EA181.txt
EA157,EA182,1,CC/EA157.txt,CC/EA182.txt
EA157,EA183,1,CC/EA157.txt,CC/EA183.txt
EA157,EA184,1,CC/EA157.txt,CC/EA184.txt
EA157,EA185,1,CC/EA157.txt,CC/EA185.txt
EA157,EA186,1,CC/EA157.txt,CC/EA186.txt
EA157,EA187,1,CC/EA157.txt,CC/EA187.txt
EA157,EA188,1,CC/EA157.txt,CC/EA188.txt
EA157,EA189,1,CC/EA157.txt,CC/EA189.txt
EA157,EA190,1,CC/EA157.txt,CC/EA190.txt
EA157,EA191,1,CC/EA157.txt,CC/EA191.txt
EA157,EA192,1,CC/EA157.txt,CC/EA192.txt
EA157,EA193,1,CC/EA157.txt,CC/EA193.txt
EA157,EA194,1,CC/EA157.txt,CC/EA194.txt
EA158,EA159,1,CC/EA158.txt,CC/EA159.txt
EA158,EA160,1,CC/EA158.txt,CC/EA160.txt
EA158,EA161,1,CC/EA158.txt,CC/EA161.txt
EA158,EA162,1,CC/EA158.txt,CC/EA162.txt
EA158,EA163,1,CC/EA158.txt,CC/EA163.txt
EA158,EA164,1,CC/EA158.txt,CC/EA164.txt
EA158,EA165,1,CC/EA158.txt,CC/EA165.txt
EA158,EA166,1,CC/EA158.txt,CC/EA166.txt
EA158,EA167,1,CC/EA158.txt,CC/EA167.txt
EA158,EA168,1,CC/EA158.txt,CC/EA168.txt
EA158,EA169,1,CC/EA158.txt,CC/EA169.txt
EA158,EA170,1,CC/EA158.txt,CC/EA170.txt
EA158,EA171,1,CC/EA158.txt,CC/EA171.txt
EA158,EA172,1,CC/EA158.txt,CC/EA172.txt
EA158,EA173,1,CC/EA158.txt,CC/EA173.txt
EA158,EA174,1,CC/EA158.txt,CC/EA174.txt
EA158,EA175,1,CC/EA158.txt,CC/EA175.txt
EA158,EA176,1,CC/EA158.txt,CC/EA176.txt
EA158,EA177,1,CC/EA158.txt,CC/EA177.txt
EA158,EA178,1,CC/EA158.txt,CC/EA178.txt
EA158,EA179,1,CC/EA158.txt,CC/EA179.txt
EA158,EA180,1,CC/EA158.txt,CC/EA180.txt
EA158,EA181,1,CC/EA158.txt,CC/EA181.txt
EA158,EA182,1,CC/EA158.txt,CC/EA182.txt
EA158,EA183,1,CC/EA158.txt,CC/EA183.txt
EA158,EA184,1,CC/EA158.txt,CC/EA184.txt
EA158,EA185,1,CC/EA158.txt,CC/EA185.txt
EA158,EA186,1,CC/EA158.txt,CC/EA186.txt
EA158,EA187,1,CC/EA158.txt,CC/EA187.txt
EA158,EA188,1,CC/EA158.txt,CC/EA188.txt
EA158,EA189,1,CC/EA158.txt,CC/EA189.txt
EA158,EA190,1,CC/EA158.txt,CC/EA190.txt
EA158,EA191,1,CC/EA158.txt,CC/EA191.txt
EA158,EA192,1,CC/EA158.txt,CC/EA192.txt
EA158,EA193,1,CC/EA158.txt,CC/EA193.txt
EA158,EA194,1,CC/EA158.txt,CC/EA194.txt
EA159,EA160,1,CC/EA159.txt,CC/EA160.txt
EA159,EA161,1,CC/EA159.txt,CC/EA161.txt
EA159,EA162,1,CC/EA159.txt,CC/EA162.txt
EA159,EA163,1,CC/EA159.txt,CC/EA163.txt
EA159,EA164,1,CC/EA159.txt,CC/EA164.txt
EA159,EA165,1,CC/EA159.txt,CC/EA165.txt
EA159,EA166,1,CC/EA159.txt,CC/EA166.txt
EA159,EA167,1,CC/EA159.txt,CC/EA167.txt
EA159,EA168,1,CC/EA159.txt,CC/EA168.txt
EA159,EA169,1,CC/EA159.txt,CC/EA169.txt
EA159,EA170,1,CC/EA159.txt,CC/EA170.txt
EA159,EA171,1,CC/EA159.txt,CC/EA171.txt
EA159,EA172,1,CC/EA159.txt,CC/EA172.txt
EA159,EA173,1,CC/EA159.txt,CC/EA173.txt
EA159,EA174,1,CC/EA159.txt,CC/EA174.txt
EA159,EA175,1,CC/EA159.txt,CC/EA175.txt
EA159,EA176,1,CC/EA159.txt,CC/EA176.txt
EA159,EA177,1,CC/EA159.txt,CC/EA177.txt
EA159,EA178,1,CC/EA159.txt,CC/EA178.txt
EA159,EA179,1,CC/EA159.txt,CC/EA179.txt
EA159,EA180,1,CC/EA159.txt,CC/EA180.txt
EA159,EA181,1,CC/EA159.txt,CC/EA181.txt
EA159,EA182,1,CC/EA159.txt,CC/EA182.txt
EA159,EA183,1,CC/EA159.txt,CC/EA183.txt
EA159,EA184,1,CC/EA159.txt,CC/EA184.txt
EA159,EA185,1,CC/EA159.txt,CC/EA185.txt
EA159,EA186,1,CC/EA159.txt,CC/EA186.txt
EA159,EA187,1,CC/EA159.txt,CC/EA187.txt
EA159,EA188,1,CC/EA159.txt,CC/EA188.txt
EA159,EA189,1,CC/EA159.txt,CC/EA189.txt
EA159,EA190,1,CC/EA159.txt,CC/EA190.txt
EA159,EA191,1,CC/EA159.txt,CC/EA191.txt
EA159,EA192,1,CC/EA159.txt,CC/EA192.txt
EA159,EA193,1,CC/EA159.txt,CC/EA193.txt
EA159,EA194,1,CC/EA159.txt,CC/EA194.txt
EA160,EA161,1,CC/EA160.txt,CC/EA161.txt
EA160,EA162,1,CC/EA160.txt,CC/EA162.txt
EA160,EA163,1,CC/EA160.txt,CC/EA163.txt
EA160,EA164,1,CC/EA160.txt,CC/EA164.txt
EA160,EA165,1,CC/EA160.txt,CC/EA165.txt
EA160,EA166,1,CC/EA160.txt,CC/EA166.txt
EA160,EA167,1,CC/EA160.txt,CC/EA167.txt
EA160,EA168,1,CC/EA160.txt,CC/EA168.txt
EA160,EA169,1,CC/EA160.txt,CC/EA169.txt
EA160,EA170,1,CC/EA160.txt,CC/EA170.txt
EA160,EA171,1,CC/EA160.txt,CC/EA171.txt
EA160,EA172,1,CC/EA160.txt,CC/EA172.txt
EA160,EA173,1,CC/EA160.txt,CC/EA173.txt
EA160,EA174,1,CC/EA160.txt,CC/EA174.txt
EA160,EA175,1,CC/EA160.txt,CC/EA175.txt
EA160,EA176,1,CC/EA160.txt,CC/EA176.txt
EA160,EA177,1,CC/EA160.txt,CC/EA177.txt
EA160,EA178,1,CC/EA160.txt,CC/EA178.txt
EA160,EA179,1,CC/EA160.txt,CC/EA179.txt
EA160,EA180,1,CC/EA160.txt,CC/EA180.txt
EA160,EA181,1,CC/EA160.txt,CC/EA181.txt
EA160,EA182,1,CC/EA160.txt,CC/EA182.txt
EA160,EA183,1,CC/EA160.txt,CC/EA183.txt
EA160,EA184,1,CC/EA160.txt,CC/EA184.txt
EA160,EA185,1,CC/EA160.txt,CC/EA185.txt
EA160,EA186,1,CC/EA160.txt,CC/EA186.txt
EA160,EA187,1,CC/EA160.txt,CC/EA187.txt
EA160,EA188,1,CC/EA160.txt,CC/EA188.txt
EA160,EA189,1,CC/EA160.txt,CC/EA189.txt
EA160,EA190,1,CC/EA160.txt,CC/EA190.txt
EA160,EA191,1,CC/EA160.txt,CC/EA191.txt
EA160,EA192,1,CC/EA160.txt,CC/EA192.txt
EA160,EA193,1,CC/EA160.txt,CC/EA193.txt
EA160,EA194,1,CC/EA160.txt,CC/EA194.txt
EA161,EA162,1,CC/EA161.txt,CC/EA162.txt
EA161,EA163,1,CC/EA161.txt,CC/EA163.txt
EA161,EA164,1,CC/EA161.txt,CC/EA164.txt
EA161,EA165,1,CC/EA161.txt,CC/EA165.txt
EA161,EA166,1,CC/EA161.txt,CC/EA166.txt
EA161,EA167,1,CC/EA161.txt,CC/EA167.txt
EA161,EA168,1,CC/EA161.txt,CC/EA168.txt
EA161,EA169,1,CC/EA161.txt,CC/EA169.txt
EA161,EA170,1,CC/EA161.txt,CC/EA170.txt
EA161,EA171,1,CC/EA161.txt,CC/EA171.txt
EA161,EA172,1,CC/EA161.txt,CC/EA172.txt
EA161,EA173,1,CC/EA161.txt,CC/EA173.txt
EA161,EA174,1,CC/EA161.txt,CC/EA174.txt
EA161,EA175,1,CC/EA161.txt,CC/EA175.txt
EA161,EA176,1,CC/EA161.txt,CC/EA176.txt
EA161,EA177,1,CC/EA161.txt,CC/EA177.txt
EA161,EA178,1,CC/EA161.txt,CC/EA178.txt
EA161,EA179,1,CC/EA161.txt,CC/EA179.txt
EA161,EA180,1,CC/EA161.txt,CC/EA180.txt
EA161,EA181,1,CC/EA161.txt,CC/EA181.txt
EA161,EA182,1,CC/EA161.txt,CC/EA182.txt
EA161,EA183,1,CC/EA161.txt,CC/EA183.txt
EA161,EA184,1,CC/EA161.txt,CC/EA184.txt
EA161,EA185,1,CC/EA161.txt,CC/EA185.txt
EA161,EA186,1,CC/EA161.txt,CC/EA186.txt
EA161,EA187,1,CC/EA161.txt,CC/EA187.txt
EA161,EA188,1,CC/EA161.txt,CC/EA188.txt
EA161,EA189,1,CC/EA161.txt,CC/EA189.txt
EA161,EA190,1,CC/EA161.txt,CC/EA190.txt
EA161,EA191,1,CC/EA161.txt,CC/EA191.txt
EA161,EA192,1,CC/EA161.txt,CC/EA192.txt
EA161,EA193,1,CC/EA161.txt,CC/EA193.txt
EA161,EA194,1,CC/EA161.txt,CC/EA194.txt
EA162,EA163,1,CC/EA162.txt,CC/EA163.txt
EA162,EA164,1,CC/EA162.txt,CC/EA164.txt
EA162,EA165,1,CC/EA162.txt,CC/EA165.txt
EA162,EA166,1,CC/EA162.txt,CC/EA166.txt
EA162,EA167,1,CC/EA162.txt,CC/EA167.txt
EA162,EA168,1,CC/EA162.txt,CC/EA168.txt
EA162,EA169,1,CC/EA162.txt,CC/EA169.txt
EA162,EA170,1,CC/EA162.txt,CC/EA170.txt
EA162,EA171,1,CC/EA162.txt,CC/EA171.txt
EA162,EA172,1,CC/EA162.txt,CC/EA172.txt
EA162,EA173,1,CC/EA162.txt,CC/EA173.txt
EA162,EA174,1,CC/EA162.txt,CC/EA174.txt
EA162,EA175,1,CC/EA162.txt,CC/EA175.txt
EA162,EA176,1,CC/EA162.txt,CC/EA176.txt
EA162,EA177,1,CC/EA162.txt,CC/EA177.txt
EA162,EA178,1,CC/EA162.txt,CC/EA178.txt
EA162,EA179,1,CC/EA162.txt,CC/EA179.txt
EA162,EA180,1,CC/EA162.txt,CC/EA180.txt
EA162,EA181,1,CC/EA162.txt,CC/EA181.txt
EA162,EA182,1,CC/EA162.txt,CC/EA182.txt
EA162,EA183,1,CC/EA162.txt,CC/EA183.txt
EA162,EA184,1,CC/EA162.txt,CC/EA184.txt
EA162,EA185,1,CC/EA162.txt,CC/EA185.txt
EA162,EA186,1,CC/EA162.txt,CC/EA186.txt
EA162,EA187,1,CC/EA162.txt,CC/EA187.txt
EA162,EA188,1,CC/EA162.txt,CC/EA188.txt
EA162,EA189,1,CC/EA162.txt,CC/EA189.txt
EA162,EA190,1,CC/EA162.txt,CC/EA190.txt
EA162,EA191,1,CC/EA162.txt,CC/EA191.txt
EA162,EA192,1,CC/EA162.txt,CC/EA192.txt
EA162,EA193,1,CC/EA162.txt,CC/EA193.txt
EA162,EA194,1,CC/EA162.txt,CC/EA194.txt
EA163,EA164,1,CC/EA163.txt,CC/EA164.txt
EA163,EA165,1,CC/EA163.txt,CC/EA165.txt
EA163,EA166,1,CC/EA163.txt,CC/EA166.txt
EA163,EA167,1,CC/EA163.txt,CC/EA167.txt
EA163,EA168,1,CC/EA163.txt,CC/EA168.txt
EA163,EA169,1,CC/EA163.txt,CC/EA169.txt
EA163,EA170,1,CC/EA163.txt,CC/EA170.txt
EA163,EA171,1,CC/EA163.txt,CC/EA171.txt
EA163,EA172,1,CC/EA163.txt,CC/EA172.txt
EA163,EA173,1,CC/EA163.txt,CC/EA173.txt
EA163,EA174,1,CC/EA163.txt,CC/EA174.txt
EA163,EA175,1,CC/EA163.txt,CC/EA175.txt
EA163,EA176,1,CC/EA163.txt,CC/EA176.txt
EA163,EA177,1,CC/EA163.txt,CC/EA177.txt
EA163,EA178,1,CC/EA163.txt,CC/EA178.txt
EA163,EA179,1,CC/EA163.txt,CC/EA179.txt
EA163,EA180,1,CC/EA163.txt,CC/EA180.txt
EA163,EA181,1,CC/EA163.txt,CC/EA181.txt
EA163,EA182,1,CC/EA163.txt,CC/EA182.txt
EA163,EA183,1,CC/EA163.txt,CC/EA183.txt
EA163,EA184,1,CC/EA163.txt,CC/EA184.txt
EA163,EA185,1,CC/EA163.txt,CC/EA185.txt
EA163,EA186,1,CC/EA163.txt,CC/EA186.txt
EA163,EA187,1,CC/EA163.txt,CC/EA187.txt
EA163,EA188,1,CC/EA163.txt,CC/EA188.txt
EA163,EA189,1,CC/EA163.txt,CC/EA189.txt
EA163,EA190,1,CC/EA163.txt,CC/EA190.txt
EA163,EA191,1,CC/EA163.txt,CC/EA191.txt
EA163,EA192,1,CC/EA163.txt,CC/EA192.txt
EA163,EA193,1,CC/EA163.txt,CC/EA193.txt
EA163,EA194,1,CC/EA163.txt,CC/EA194.txt
EA164,EA165,1,CC/EA164.txt,CC/EA165.txt
EA164,EA166,1,CC/EA164.txt,CC/EA166.txt
EA164,EA167,1,CC/EA164.txt,CC/EA167.txt
EA164,EA168,1,CC/EA164.txt,CC/EA168.txt
EA164,EA169,1,CC/EA164.txt,CC/EA169.txt
EA164,EA170,1,CC/EA164.txt,CC/EA170.txt
EA164,EA171,1,CC/EA164.txt,CC/EA171.txt
EA164,EA172,1,CC/EA164.txt,CC/EA172.txt
EA164,EA173,1,CC/EA164.txt,CC/EA173.txt
EA164,EA174,1,CC/EA164.txt,CC/EA174.txt
EA164,EA175,1,CC/EA164.txt,CC/EA175.txt
EA164,EA176,1,CC/EA164.txt,CC/EA176.txt
EA164,EA177,1,CC/EA164.txt,CC/EA177.txt
EA164,EA178,1,CC/EA164.txt,CC/EA178.txt
EA164,EA179,1,CC/EA164.txt,CC/EA179.txt
EA164,EA180,1,CC/EA164.txt,CC/EA180.txt
EA164,EA181,1,CC/EA164.txt,CC/EA181.txt
EA164,EA182,1,CC/EA164.txt,CC/EA182.txt
EA164,EA183,1,CC/EA164.txt,CC/EA183.txt
EA164,EA184,1,CC/EA164.txt,CC/EA184.txt
EA164,EA185,1,CC/EA164.txt,CC/EA185.txt
EA164,EA186,1,CC/EA164.txt,CC/EA186.txt
EA164,EA187,1,CC/EA164.txt,CC/EA187.txt
EA164,EA188,1,CC/EA164.txt,CC/EA188.txt
EA164,EA189,1,CC/EA164.txt,CC/EA189.txt
EA164,EA190,1,CC/EA164.txt,CC/EA190.txt
EA164,EA191,1,CC/EA164.txt,CC/EA191.txt
EA164,EA192,1,CC/EA164.txt,CC/EA192.txt
EA164,EA193,1,CC/EA164.txt,CC/EA193.txt
EA164,EA194,1,CC/EA164.txt,CC/EA194.txt
EA165,EA166,1,CC/EA165.txt,CC/EA166.txt
EA165,EA167,1,CC/EA165.txt,CC/EA167.txt
EA165,EA168,1,CC/EA165.txt,CC/EA168.txt
EA165,EA169,1,CC/EA165.txt,CC/EA169.txt
EA165,EA170,1,CC/EA165.txt,CC/EA170.txt
EA165,EA171,1,CC/EA165.txt,CC/EA171.txt
EA165,EA172,1,CC/EA165.txt,CC/EA172.txt
EA165,EA173,1,CC/EA165.txt,CC/EA173.txt
EA165,EA174,1,CC/EA165.txt,CC/EA174.txt
EA165,EA175,1,CC/EA165.txt,CC/EA175.txt
EA165,EA176,1,CC/EA165.txt,CC/EA176.txt
EA165,EA177,1,CC/EA165.txt,CC/EA177.txt
EA165,EA178,1,CC/EA165.txt,CC/EA178.txt
EA165,EA179,1,CC/EA165.txt,CC/EA179.txt
EA165,EA180,1,CC/EA165.txt,CC/EA180.txt
EA165,EA181,1,CC/EA165.txt,CC/EA181.txt
EA165,EA182,1,CC/EA165.txt,CC/EA182.txt
EA165,EA183,1,CC/EA165.txt,CC/EA183.txt
EA165,EA184,1,CC/EA165.txt,CC/EA184.txt
EA165,EA185,1,CC/EA165.txt,CC/EA185.txt
EA165,EA186,1,CC/EA165.txt,CC/EA186.txt
EA165,EA187,1,CC/EA165.txt,CC/EA187.txt
EA165,EA188,1,CC/EA165.txt,CC/EA188.txt
EA165,EA189,1,CC/EA165.txt,CC/EA189.txt
EA165,EA190,1,CC/EA165.txt,CC/EA190.txt
EA165,EA191,1,CC/EA165.txt,CC/EA191.txt
EA165,EA192,1,CC/EA165.txt,CC/EA192.txt
EA165,EA193,1,CC/EA165.txt,CC/EA193.txt
EA165,EA194,1,CC/EA165.txt,CC/EA194.txt
EA166,EA167,1,CC/EA166.txt,CC/EA167.txt
EA166,EA168,1,CC/EA166.txt,CC/EA168.txt
EA166,EA169,1,CC/EA166.txt,CC/EA169.txt
EA166,EA170,1,CC/EA166.txt,CC/EA170.txt
EA166,EA171,1,CC/EA166.txt,CC/EA171.txt
EA166,EA172,1,CC/EA166.txt,CC/EA172.txt
EA166,EA173,1,CC/EA166.txt,CC/EA173.txt
EA166,EA174,1,CC/EA166.txt,CC/EA174.txt
EA166,EA175,1,CC/EA166.txt,CC/EA175.txt
EA166,EA176,1,CC/EA166.txt,CC/EA176.txt
EA166,EA177,1,CC/EA166.txt,CC/EA177.txt
EA166,EA178,1,CC/EA166.txt,CC/EA178.txt
EA166,EA179,1,CC/EA166.txt,CC/EA179.txt
EA166,EA180,1,CC/EA166.txt,CC/EA180.txt
EA166,EA181,1,CC/EA166.txt,CC/EA181.txt
EA166,EA182,1,CC/EA166.txt,CC/EA182.txt
EA166,EA183,1,CC/EA166.txt,CC/EA183.txt
EA166,EA184,1,CC/EA166.txt,CC/EA184.txt
EA166,EA185,1,CC/EA166.txt,CC/EA185.txt
EA166,EA186,1,CC/EA166.txt,CC/EA186.txt
EA166,EA187,1,CC/EA166.txt,CC/EA187.txt
EA166,EA188,1,CC/EA166.txt,CC/EA188.txt
EA166,EA189,1,CC/EA166.txt,CC/EA189.txt
EA166,EA190,1,CC/EA166.txt,CC/EA190.txt
EA166,EA191,1,CC/EA166.txt,CC/EA191.txt
EA166,EA192,1,CC/EA166.txt,CC/EA192.txt
EA166,EA193,1,CC/EA166.txt,CC/EA193.txt
EA166,EA194,1,CC/EA166.txt,CC/EA194.txt
EA167,EA168,1,CC/EA167.txt,CC/EA168.txt
EA167,EA169,1,CC/EA167.txt,CC/EA169.txt
EA167,EA170,1,CC/EA167.txt,CC/EA170.txt
EA167,EA171,1,CC/EA167.txt,CC/EA171.txt
EA167,EA172,1,CC/EA167.txt,CC/EA172.txt
EA167,EA173,1,CC/EA167.txt,CC/EA173.txt
EA167,EA174,1,CC/EA167.txt,CC/EA174.txt
EA167,EA175,1,CC/EA167.txt,CC/EA175.txt
EA167,EA176,1,CC/EA167.txt,CC/EA176.txt
EA167,EA177,1,CC/EA167.txt,CC/EA177.txt
EA167,EA178,1,CC/EA167.txt,CC/EA178.txt
EA167,EA179,1,CC/EA167.txt,CC/EA179.txt
EA167,EA180,1,CC/EA167.txt,CC/EA180.txt
EA167,EA181,1,CC/EA167.txt,CC/EA181.txt
EA167,EA182,1,CC/EA167.txt,CC/EA182.txt
EA167,EA183,1,CC/EA167.txt,CC/EA183.txt
EA167,EA184,1,CC/EA167.txt,CC/EA184.txt
EA167,EA185,1,CC/EA167.txt,CC/EA185.txt
EA167,EA186,1,CC/EA167.txt,CC/EA186.txt
EA167,EA187,1,CC/EA167.txt,CC/EA187.txt
EA167,EA188,1,CC/EA167.txt,CC/EA188.txt
EA167,EA189,1,CC/EA167.txt,CC/EA189.txt
EA167,EA190,1,CC/EA167.txt,CC/EA190.txt
EA167,EA191,1,CC/EA167.txt,CC/EA191.txt
EA167,EA192,1,CC/EA167.txt,CC/EA192.txt
EA167,EA193,1,CC/EA167.txt,CC/EA193.txt
EA167,EA194,1,CC/EA167.txt,CC/EA194.txt
EA168,EA169,1,CC/EA168.txt,CC/EA169.txt
EA168,EA170,1,CC/EA168.txt,CC/EA170.txt
EA168,EA171,1,CC/EA168.txt,CC/EA171.txt
EA168,EA172,1,CC/EA168.txt,CC/EA172.txt
EA168,EA173,1,CC/EA168.txt,CC/EA173.txt
EA168,EA174,1,CC/EA168.txt,CC/EA174.txt
EA168,EA175,1,CC/EA168.txt,CC/EA175.txt
EA168,EA176,1,CC/EA168.txt,CC/EA176.txt
EA168,EA177,1,CC/EA168.txt,CC/EA177.txt
EA168,EA178,1,CC/EA168.txt,CC/EA178.txt
EA168,EA179,1,CC/EA168.txt,CC/EA179.txt
EA168,EA180,1,CC/EA168.txt,CC/EA180.txt
EA168,EA181,1,CC/EA168.txt,CC/EA181.txt
EA168,EA182,1,CC/EA168.txt,CC/EA182.txt
EA168,EA183,1,CC/EA168.txt,CC/EA183.txt
EA168,EA184,1,CC/EA168.txt,CC/EA184.txt
EA168,EA185,1,CC/EA168.txt,CC/EA185.txt
EA168,EA186,1,CC/EA168.txt,CC/EA186.txt
EA168,EA187,1,CC/EA168.txt,CC/EA187.txt
EA168,EA188,1,CC/EA168.txt,CC/EA188.txt
EA168,EA189,1,CC/EA168.txt,CC/EA189.txt
EA168,EA190,1,CC/EA168.txt,CC/EA190.txt
EA168,EA191,1,CC/EA168.txt,CC/EA191.txt
EA168,EA192,1,CC/EA168.txt,CC/EA192.txt
EA168,EA193,1,CC/EA168.txt,CC/EA193.txt
EA168,EA194,1,CC/EA168.txt,CC/EA194.txt
EA169,EA170,1,CC/EA169.txt,CC/EA170.txt
EA169,EA171,1,CC/EA169.txt,CC/EA171.txt
EA169,EA172,1,CC/EA169.txt,CC/EA172.txt
EA169,EA173,1,CC/EA169.txt,CC/EA173.txt
EA169,EA174,1,CC/EA169.txt,CC/EA174.txt
EA169,EA175,1,CC/EA169.txt,CC/EA175.txt
EA169,EA176,1,CC/EA169.txt,CC/EA176.txt
EA169,EA177,1,CC/EA169.txt,CC/EA177.txt
EA169,EA178,1,CC/EA169.txt,CC/EA178.txt
EA169,EA179,1,CC/EA169.txt,CC/EA179.txt
EA169,EA180,1,CC/EA169.txt,CC/EA180.txt
EA169,EA181,1,CC/EA169.txt,CC/EA181.txt
EA169,EA182,1,CC/EA169.txt,CC/EA182.txt
EA169,EA183,1,CC/EA169.txt,CC/EA183.txt
EA169,EA184,1,CC/EA169.txt,CC/EA184.txt
EA169,EA185,1,CC/EA169.txt,CC/EA185.txt
EA169,EA186,1,CC/EA169.txt,CC/EA186.txt
EA169,EA187,1,CC/EA169.txt,CC/EA187.txt
EA169,EA188,1,CC/EA169.txt,CC/EA188.txt
EA169,EA189,1,CC/EA169.txt,CC/EA189.txt
EA169,EA190,1,CC/EA169.txt,CC/EA190.txt
EA169,EA191,1,CC/EA169.txt,CC/EA191.txt
EA169,EA192,1,CC/EA169.txt,CC/EA192.txt
EA169,EA193,1,CC/EA169.txt,CC/EA193.txt
EA169,EA194,1,CC/EA169.txt,CC/EA194.txt
EA170,EA171,1,CC/EA170.txt,CC/EA171.txt
EA170,EA172,1,CC/EA170.txt,CC/EA172.txt
EA170,EA173,1,CC/EA170.txt,CC/EA173.txt
EA170,EA174,1,CC/EA170.txt,CC/EA174.txt
EA170,EA175,1,CC/EA170.txt,CC/EA175.txt
EA170,EA176,1,CC/EA170.txt,CC/EA176.txt
EA170,EA177,1,CC/EA170.txt,CC/EA177.txt
EA170,EA178,1,CC/EA170.txt,CC/EA178.txt
EA170,EA179,1,CC/EA170.txt,CC/EA179.txt
EA170,EA180,1,CC/EA170.txt,CC/EA180.txt
EA170,EA181,1,CC/EA170.txt,CC/EA181.txt
EA170,EA182,1,CC/EA170.txt,CC/EA182.txt
EA170,EA183,1,CC/EA170.txt,CC/EA183.txt
EA170,EA184,1,CC/EA170.txt,CC/EA184.txt
EA170,EA185,1,CC/EA170.txt,CC/EA185.txt
EA170,EA186,1,CC/EA170.txt,CC/EA186.txt
EA170,EA187,1,CC/EA170.txt,CC/EA187.txt
EA170,EA188,1,CC/EA170.txt,CC/EA188.txt
EA170,EA189,1,CC/EA170.txt,CC/EA189.txt
EA170,EA190,1,CC/EA170.txt,CC/EA190.txt
EA170,EA191,1,CC/EA170.txt,CC/EA191.txt
EA170,EA192,1,CC/EA170.txt,CC/EA192.txt
EA170,EA193,1,CC/EA170.txt,CC/EA193.txt
EA170,EA194,1,CC/EA170.txt,CC/EA194.txt
EA171,EA172,1,CC/EA171.txt,CC/EA172.txt
EA171,EA173,1,CC/EA171.txt,CC/EA173.txt
EA171,EA174,1,CC/EA171.txt,CC/EA174.txt
EA171,EA175,1,CC/EA171.txt,CC/EA175.txt
EA171,EA176,1,CC/EA171.txt,CC/EA176.txt
EA171,EA177,1,CC/EA171.txt,CC/EA177.txt
EA171,EA178,1,CC/EA171.txt,CC/EA178.txt
EA171,EA179,1,CC/EA171.txt,CC/EA179.txt
EA171,EA180,1,CC/EA171.txt,CC/EA180.txt
EA171,EA181,1,CC/EA171.txt,CC/EA181.txt
EA171,EA182,1,CC/EA171.txt,CC/EA182.txt
EA171,EA183,1,CC/EA171.txt,CC/EA183.txt
EA171,EA184,1,CC/EA171.txt,CC/EA184.txt
EA171,EA185,1,CC/EA171.txt,CC/EA185.txt
EA171,EA186,1,CC/EA171.txt,CC/EA186.txt
EA171,EA187,1,CC/EA171.txt,CC/EA187.txt
EA171,EA188,1,CC/EA171.txt,CC/EA188.txt
EA171,EA189,1,CC/EA171.txt,CC/EA189.txt
EA171,EA190,1,CC/EA171.txt,CC/EA190.txt
EA171,EA191,1,CC/EA171.txt,CC/EA191.txt
EA171,EA192,1,CC/EA171.txt,CC/EA192.txt
EA171,EA193,1,CC/EA171.txt,CC/EA193.txt
EA171,EA194,1,CC/EA171.txt,CC/EA194.txt
EA172,EA173,1,CC/EA172.txt,CC/EA173.txt
EA172,EA174,1,CC/EA172.txt,CC/EA174.txt
EA172,EA175,1,CC/EA172.txt,CC/EA175.txt
EA172,EA176,1,CC/EA172.txt,CC/EA176.txt
EA172,EA177,1,CC/EA172.txt,CC/EA177.txt
EA172,EA178,1,CC/EA172.txt,CC/EA178.txt
EA172,EA179,1,CC/EA172.txt,CC/EA179.txt
EA172,EA180,1,CC/EA172.txt,CC/EA180.txt
EA172,EA181,1,CC/EA172.txt,CC/EA181.txt
EA172,EA182,1,CC/EA172.txt,CC/EA182.txt
EA172,EA183,1,CC/EA172.txt,CC/EA183.txt
EA172,EA184,1,CC/EA172.txt,CC/EA184.txt
EA172,EA185,1,CC/EA172.txt,CC/EA185.txt
EA172,EA186,1,CC/EA172.txt,CC/EA186.txt
EA172,EA187,1,CC/EA172.txt,CC/EA187.txt
EA172,EA188,1,CC/EA172.txt,CC/EA188.txt
EA172,EA189,1,CC/EA172.txt,CC/EA189.txt
EA172,EA190,1,CC/EA172.txt,CC/EA190.txt
EA172,EA191,1,CC/EA172.txt,CC/EA191.txt
EA172,EA192,1,CC/EA172.txt,CC/EA192.txt
EA172,EA193,1,CC/EA172.txt,CC/EA193.txt
EA172,EA194,1,CC/EA172.txt,CC/EA194.txt
EA173,EA174,1,CC/EA173.txt,CC/EA174.txt
EA173,EA175,1,CC/EA173.txt,CC/EA175.txt
EA173,EA176,1,CC/EA173.txt,CC/EA176.txt
EA173,EA177,1,CC/EA173.txt,CC/EA177.txt
EA173,EA178,1,CC/EA173.txt,CC/EA178.txt
EA173,EA179,1,CC/EA173.txt,CC/EA179.txt
EA173,EA180,1,CC/EA173.txt,CC/EA180.txt
EA173,EA181,1,CC/EA173.txt,CC/EA181.txt
EA173,EA182,1,CC/EA173.txt,CC/EA182.txt
EA173,EA183,1,CC/EA173.txt,CC/EA183.txt
EA173,EA184,1,CC/EA173.txt,CC/EA184.txt
EA173,EA185,1,CC/EA173.txt,CC/EA185.txt
EA173,EA186,1,CC/EA173.txt,CC/EA186.txt
EA173,EA187,1,CC/EA173.txt,CC/EA187.txt
EA173,EA188,1,CC/EA173.txt,CC/EA188.txt
EA173,EA189,1,CC/EA173.txt,CC/EA189.txt
EA173,EA190,1,CC/EA173.txt,CC/EA190.txt
EA173,EA191,1,CC/EA173.txt,CC/EA191.txt
EA173,EA192,1,CC/EA173.txt,CC/EA192.txt
EA173,EA193,1,CC/EA173.txt,CC/EA193.txt
EA173,EA194,1,CC/EA173.txt,CC/EA194.txt
EA174,EA175,1,CC/EA174.txt,CC/EA175.txt
EA174,EA176,1,CC/EA174.txt,CC/EA176.txt
EA174,EA177,1,CC/EA174.txt,CC/EA177.txt
EA174,EA178,1,CC/EA174.txt,CC/EA178.txt
EA174,EA179,1,CC/EA174.txt,CC/EA179.txt
EA174,EA180,1,CC/EA174.txt,CC/EA180.txt
EA174,EA181,1,CC/EA174.txt,CC/EA181.txt
EA174,EA182,1,CC/EA174.txt,CC/EA182.txt
EA174,EA183,1,CC/EA174.txt,CC/EA183.txt
EA174,EA184,1,CC/EA174.txt,CC/EA184.txt
EA174,EA185,1,CC/EA174.txt,CC/EA185.txt
EA174,EA186,1,CC/EA174.txt,CC/EA186.txt
EA174,EA187,1,CC/EA174.txt,CC/EA187.txt
EA174,EA188,1,CC/EA174.txt,CC/EA188.txt
EA174,EA189,1,CC/EA174.txt,CC/EA189.txt
EA174,EA190,1,CC/EA174.txt,CC/EA190.txt
EA174,EA191,1,CC/EA174.txt,CC/EA191.txt
EA174,EA192,1,CC/EA174.txt,CC/EA192.txt
EA174,EA193,1,CC/EA174.txt,CC/EA193.txt
EA174,EA194,1,CC/EA174.txt,CC/EA194.txt
EA175,EA176,1,CC/EA175.txt,CC/EA176.txt
EA175,EA177,1,CC/EA175.txt,CC/EA177.txt
EA175,EA178,1,CC/EA175.txt,CC/EA178.txt
EA175,EA179,1,CC/EA175.txt,CC/EA179.txt
EA175,EA180,1,CC/EA175.txt,CC/EA180.txt
EA175,EA181,1,CC/EA175.txt,CC/EA181.txt
EA175,EA182,1,CC/EA175.txt,CC/EA182.txt
EA175,EA183,1,CC/EA175.txt,CC/EA183.txt
EA175,EA184,1,CC/EA175.txt,CC/EA184.txt
EA175,EA185,1,CC/EA175.txt,CC/EA185.txt
EA175,EA186,1,CC/EA175.txt,CC/EA186.txt
EA175,EA187,1,CC/EA175.txt,CC/EA187.txt
EA175,EA188,1,CC/EA175.txt,CC/EA188.txt
EA175,EA189,1,CC/EA175.txt,CC/EA189.txt
EA175,EA190,1,CC/EA175.txt,CC/EA190.txt
EA175,EA191,1,CC/EA175.txt,CC/EA191.txt
EA175,EA192,1,CC/EA175.txt,CC/EA192.txt
EA175,EA193,1,CC/EA175.txt,CC/EA193.txt
EA175,EA194,1,CC/EA175.txt,CC/EA194.txt
EA176,EA177,1,CC/EA176.txt,CC/EA177.txt
EA176,EA178,1,CC/EA176.txt,CC/EA178.txt
EA176,EA179,1,CC/EA176.txt,CC/EA179.txt
EA176,EA180,1,CC/EA176.txt,CC/EA180.txt
EA176,EA181,1,CC/EA176.txt,CC/EA181.txt
EA176,EA182,1,CC/EA176.txt,CC/EA182.txt
EA176,EA183,1,CC/EA176.txt,CC/EA183.txt
EA176,EA184,1,CC/EA176.txt,CC/EA184.txt
EA176,EA185,1,CC/EA176.txt,CC/EA185.txt
EA176,EA186,1,CC/EA176.txt,CC/EA186.txt
EA176,EA187,1,CC/EA176.txt,CC/EA187.txt
EA176,EA188,1,CC/EA176.txt,CC/EA188.txt
EA176,EA189,1,CC/EA176.txt,CC/EA189.txt
EA176,EA190,1,CC/EA176.txt,CC/EA190.txt
EA176,EA191,1,CC/EA176.txt,CC/EA191.txt
EA176,EA192,1,CC/EA176.txt,CC/EA192.txt
EA176,EA193,1,CC/EA176.txt,CC/EA193.txt
EA176,EA194,1,CC/EA176.txt,CC/EA194.txt
EA177,EA178,1,CC/EA177.txt,CC/EA178.txt
EA177,EA179,1,CC/EA177.txt,CC/EA179.txt
EA177,EA180,1,CC/EA177.txt,CC/EA180.txt
EA177,EA181,1,CC/EA177.txt,CC/EA181.txt
EA177,EA182,1,CC/EA177.txt,CC/EA182.txt
EA177,EA183,1,CC/EA177.txt,CC/EA183.txt
EA177,EA184,1,CC/EA177.txt,CC/EA184.txt
EA177,EA185,1,CC/EA177.txt,CC/EA185.txt
EA177,EA186,1,CC/EA177.txt,CC/EA186.txt
EA177,EA187,1,CC/EA177.txt,CC/EA187.txt
EA177,EA188,1,CC/EA177.txt,CC/EA188.txt
EA177,EA189,1,CC/EA177.txt,CC/EA189.txt
EA177,EA190,1,CC/EA177.txt,CC/EA190.txt
EA177,EA191,1,CC/EA177.txt,CC/EA191.txt
EA177,EA192,1,CC/EA177.txt,CC/EA192.txt
EA177,EA193,1,CC/EA177.txt,CC/EA193.txt
EA177,EA194,1,CC/EA177.txt,CC/EA194.txt
EA178,EA179,1,CC/EA178.txt,CC/EA179.txt
EA178,EA180,1,CC/EA178.txt,CC/EA180.txt
EA178,EA181,1,CC/EA178.txt,CC/EA181.txt
EA178,EA182,1,CC/EA178.txt,CC/EA182.txt
EA178,EA183,1,CC/EA178.txt,CC/EA183.txt
EA178,EA184,1,CC/EA178.txt,CC/EA184.txt
EA178,EA185,1,CC/EA178.txt,CC/EA185.txt
EA178,EA186,1,CC/EA178.txt,CC/EA186.txt
EA178,EA187,1,CC/EA178.txt,CC/EA187.txt
EA178,EA188,1,CC/EA178.txt,CC/EA188.txt
EA178,EA189,1,CC/EA178.txt,CC/EA189.txt
EA178,EA190,1,CC/EA178.txt,CC/EA190.txt
EA178,EA191,1,CC/EA178.txt,CC/EA191.txt
EA178,EA192,1,CC/EA178.txt,CC/EA192.txt
EA178,EA193,1,CC/EA178.txt,CC/EA193.txt
EA178,EA194,1,CC/EA178.txt,CC/EA194.txt
EA179,EA180,1,CC/EA179.txt,CC/EA180.txt
EA179,EA181,1,CC/EA179.txt,CC/EA181.txt
EA179,EA182,1,CC/EA179.txt,CC/EA182.txt
EA179,EA183,1,CC/EA179.txt,CC/EA183.txt
EA179,EA184,1,CC/EA179.txt,CC/EA184.txt
EA179,EA185,1,CC/EA179.txt,CC/EA185.txt
EA179,EA186,1,CC/EA179.txt,CC/EA186.txt
EA179,EA187,1,CC/EA179.txt,CC/EA187.txt
EA179,EA188,1,CC/EA179.txt,CC/EA188.txt
EA179,EA189,1,CC/EA179.txt,CC/EA189.txt
EA179,EA190,1,CC/EA179.txt,CC/EA190.txt
EA179,EA191,1,CC/EA179.txt,CC/EA191.txt
EA179,EA192,1,CC/EA179.txt,CC/EA192.txt
EA179,EA193,1,CC/EA179.txt,CC/EA193.txt
EA179,EA194,1,CC/EA179.txt,CC/EA194.txt
EA180,EA181,1,CC/EA180.txt,CC/EA181.txt
EA180,EA182,1,CC/EA180.txt,CC/EA182.txt
EA180,EA183,1,CC/EA180.txt,CC/EA183.txt
EA180,EA184,1,CC/EA180.txt,CC/EA184.txt
EA180,EA185,1,CC/EA180.txt,CC/EA185.txt
EA180,EA186,1,CC/EA180.txt,CC/EA186.txt
EA180,EA187,1,CC/EA180.txt,CC/EA187.txt
EA180,EA188,1,CC/EA180.txt,CC/EA188.txt
EA180,EA189,1,CC/EA180.txt,CC/EA189.txt
EA180,EA190,1,CC/EA180.txt,CC/EA190.txt
EA180,EA191,1,CC/EA180.txt,CC/EA191.txt
EA180,EA192,1,CC/EA180.txt,CC/EA192.txt
EA180,EA193,1,CC/EA180.txt,CC/EA193.txt
EA180,EA194,1,CC/EA180.txt,CC/EA194.txt
EA181,EA182,1,CC/EA181.txt,CC/EA182.txt
EA181,EA183,1,CC/EA181.txt,CC/EA183.txt
EA181,EA184,1,CC/EA181.txt,CC/EA184.txt
EA181,EA185,1,CC/EA181.txt,CC/EA185.txt
EA181,EA186,1,CC/EA181.txt,CC/EA186.txt
EA181,EA187,1,CC/EA181.txt,CC/EA187.txt
EA181,EA188,1,CC/EA181.txt,CC/EA188.txt
EA181,EA189,1,CC/EA181.txt,CC/EA189.txt
EA181,EA190,1,CC/EA181.txt,CC/EA190.txt
EA181,EA191,1,CC/EA181.txt,CC/EA191.txt
EA181,EA192,1,CC/EA181.txt,CC/EA192.txt
EA181,EA193,1,CC/EA181.txt,CC/EA193.txt
EA181,EA194,1,CC/EA181.txt,CC/EA194.txt
EA182,EA183,1,CC/EA182.txt,CC/EA183.txt
EA182,EA184,1,CC/EA182.txt,CC/EA184.txt
EA182,EA185,1,CC/EA182.txt,CC/EA185.txt
EA182,EA186,1,CC/EA182.txt,CC/EA186.txt
EA182,EA187,1,CC/EA182.txt,CC/EA187.txt
EA182,EA188,1,CC/EA182.txt,CC/EA188.txt
EA182,EA189,1,CC/EA182.txt,CC/EA189.txt
EA182,EA190,1,CC/EA182.txt,CC/EA190.txt
EA182,EA191,1,CC/EA182.txt,CC/EA191.txt
EA182,EA192,1,CC/EA182.txt,CC/EA192.txt
EA182,EA193,1,CC/EA182.txt,CC/EA193.txt
EA182,EA194,1,CC/EA182.txt,CC/EA194.txt
EA183,EA184,1,CC/EA183.txt,CC/EA184.txt
EA183,EA185,1,CC/EA183.txt,CC/EA185.txt
EA183,EA186,1,CC/EA183.txt,CC/EA186.txt
EA183,EA187,1,CC/EA183.txt,CC/EA187.txt
EA183,EA188,1,CC/EA183.txt,CC/EA188.txt
EA183,EA189,1,CC/EA183.txt,CC/EA189.txt
EA183,EA190,1,CC/EA183.txt,CC/EA190.txt
EA183,EA191,1,CC/EA183.txt,CC/EA191.txt
EA183,EA192,1,CC/EA183.txt,CC/EA192.txt
EA183,EA193,1,CC/EA183.txt,CC/EA193.txt
EA183,EA194,1,CC/EA183.txt,CC/EA194.txt
EA184,EA185,1,CC/EA184.txt,CC/EA185.txt
EA184,EA186,1,CC/EA184.txt,CC/EA186.txt
EA184,EA187,1,CC/EA184.txt,CC/EA187.txt
EA184,EA188,1,CC/EA184.txt,CC/EA188.txt
EA184,EA189,1,CC/EA184.txt,CC/EA189.txt
EA184,EA190,1,CC/EA184.txt,CC/EA190.txt
EA184,EA191,1,CC/EA184.txt,CC/EA191.txt
EA184,EA192,1,CC/EA184.txt,CC/EA192.txt
EA184,EA193,1,CC/EA184.txt,CC/EA193.txt
EA184,EA194,1,CC/EA184.txt,CC/EA194.txt
EA185,EA186,1,CC/EA185.txt,CC/EA186.txt
EA185,EA187,1,CC/EA185.txt,CC/EA187.txt
EA185,EA188,1,CC/EA185.txt,CC/EA188.txt
EA185,EA189,1,CC/EA185.txt,CC/EA189.txt
EA185,EA190,1,CC/EA185.txt,CC/EA190.txt
EA185,EA191,1,CC/EA185.txt,CC/EA191.txt
EA185,EA192,1,CC/EA185.txt,CC/EA192.txt
EA185,EA193,1,CC/EA185.txt,CC/EA193.txt
EA185,EA194,1,CC/EA185.txt,CC/EA194.txt
EA186,EA187,1,CC/EA186.txt,CC/EA187.txt
EA186,EA188,1,CC/EA186.txt,CC/EA188.txt
EA186,EA189,1,CC/EA186.txt,CC/EA189.txt
EA186,EA190,1,CC/EA186.txt,CC/EA190.txt
EA186,EA191,1,CC/EA186.txt,CC/EA191.txt
EA186,EA192,1,CC/EA186.txt,CC/EA192.txt
EA186,EA193,1,CC/EA186.txt,CC/EA193.txt
EA186,EA194,1,CC/EA186.txt,CC/EA194.txt
EA187,EA188,1,CC/EA187.txt,CC/EA188.txt
EA187,EA189,1,CC/EA187.txt,CC/EA189.txt
EA187,EA190,1,CC/EA187.txt,CC/EA190.txt
EA187,EA191,1,CC/EA187.txt,CC/EA191.txt
EA187,EA192,1,CC/EA187.txt,CC/EA192.txt
EA187,EA193,1,CC/EA187.txt,CC/EA193.txt
EA187,EA194,1,CC/EA187.txt,CC/EA194.txt
EA188,EA189,1,CC/EA188.txt,CC/EA189.txt
EA188,EA190,1,CC/EA188.txt,CC/EA190.txt
EA188,EA191,1,CC/EA188.txt,CC/EA191.txt
EA188,EA192,1,CC/EA188.txt,CC/EA192.txt
EA188,EA193,1,CC/EA188.txt,CC/EA193.txt
EA188,EA194,1,CC/EA188.txt,CC/EA194.txt
EA189,EA190,1,CC/EA189.txt,CC/EA190.txt
EA189,EA191,1,CC/EA189.txt,CC/EA191.txt
EA189,EA192,1,CC/EA189.txt,CC/EA192.txt
EA189,EA193,1,CC/EA189.txt,CC/EA193.txt
EA189,EA194,1,CC/EA189.txt,CC/EA194.txt
EA190,EA191,1,CC/EA190.txt,CC/EA191.txt
EA190,EA192,1,CC/EA190.txt,CC/EA192.txt
EA190,EA193,1,CC/EA190.txt,CC/EA193.txt
EA190,EA194,1,CC/EA190.txt,CC/EA194.txt
EA191,EA192,1,CC/EA191.txt,CC/EA192.txt
EA191,EA193,1,CC/EA191.txt,CC/EA193.txt
EA191,EA194,1,CC/EA191.txt,CC/EA194.txt
EA192,EA193,1,CC/EA192.txt,CC/EA193.txt
EA192,EA194,1,CC/EA192.txt,CC/EA194.txt
EA193,EA194,1,CC/EA193.txt,CC/EA194.txt
