s_id,t_id
F-GES-01,DescrittoreStanze
F-GES-01,ModificaStanze
F-GES-01,SubStanze
F-GES-01,CancellaStanze
F-GES-01,VediStanza
F-GES-02,AggiungiBeneServizio
F-GES-02,CancellaBeniServizi
F-GES-02,InserisciBeniServizi
F-GES-02,VediBeniServizi
F-GES-02,MascheraBeneServizio
F-GES-02,ModificaBeniServizi
F-GES-02,SubBeniServizi
F-GES-03,SubStorico
F-GES-03,MascheraRicercaStorico
F-GES-04,SubGestione
F-GES-04,ConfigurazioneSistema
F-PRE-01,MascheraDisponibilita
F-PRE-02,MascheraRicercaStanza
F-PRE-02,ControllaPrenotazione
F-PRE-02,VediPrenotazione
F-PRE-02,MascheraPrenotazione
F-PRE-02,SubPrenotazione
F-PRE-02,InserisciPrenotazione
F-PRE-02,RicercaPrenotazione
F-PRE-03,PrenotazioniScadute
F-PRE-04,VediCommissione
F-PRE-04,CancellaCommissioni
F-PRE-04,MascheraCommissioni
F-PRE-04,InserisciCommissioni
F-PRE-04,ModificaCommissioni
F-PRE-04,SubCommissioni
F-PRE-04,AskChiudiSingoloConAgenzia
F-PRE-04,MascheraRicercaStanza
F-PRE-05,CancellaPrenotazione
F-PRE-06,ModificaPrenotazione
F-SOG-01,AggiungiSoggiornante
F-SOG-01,MascheraSoggiorno
F-SOG-01,InserisciSoggiornante
F-SOG-01,MascheraRicercaSoggiornante
F-SOG-01,SubSoggiorno
F-SOG-01,VediSoggiornante
F-SOG-01,VediCliente
F-SOG-02,VediAddebito
F-SOG-02,MascheraAddebiti
F-SOG-02,MascheraPerAddebitare
F-SOG-03,RicercaTelefonate
F-SOG-03,MascheraTelefonate
F-SOG-04,MascheraCalcoloConto
F-SOG-04,MascheraVisualizzazioneConto
F-SOG-04,RicercaAddebiti
F-SOG-04,AskChiudiConto
F-SOG-06,MascheraCambio
F-RIS-01,MascheraContoRistorazione
F-RIS-01,SubRistorazione
